cycle,I,E,S_r,I_r,I_s,E_s,H,Cumulative_I_r,Cumulative_I_s,Cumulative_H,D,Tests_r,Tests_s
0,0,0,174,0,0,0,0,0,0,0,0,0,0
1,0,0,174,0,0,0,0,0,0,0,0,58,170
2,0,0,174,0,0,0,0,0,0,0,0,58,170
3,0,0,174,0,0,0,0,0,0,0,0,58,170
4,0,0,174,0,0,0,0,0,0,0,0,58,170
5,0,0,174,0,0,0,0,0,0,0,0,58,170
6,0,0,174,0,0,0,0,0,0,0,0,58,170
7,0,0,174,0,0,0,0,0,0,0,0,58,170
8,0,0,174,0,0,0,0,0,0,0,0,58,170
9,0,0,174,0,0,0,0,0,0,0,0,58,170
10,0,0,174,0,0,0,0,0,0,0,0,58,170
11,0,0,174,0,0,0,0,0,0,0,0,58,170
12,0,0,174,0,0,0,0,0,0,0,0,58,170
13,0,0,174,0,0,0,0,0,0,0,0,58,170
14,0,0,174,0,0,0,0,0,0,0,0,58,170
15,0,0,174,0,0,0,0,0,0,0,0,58,170
16,0,0,174,0,0,0,0,0,0,0,0,58,170
17,0,0,174,0,0,0,0,0,0,0,0,58,170
18,0,0,174,0,0,0,0,0,0,0,0,58,170
19,0,0,174,0,0,0,0,0,0,0,0,58,170
20,0,0,174,0,0,0,0,0,0,0,0,58,170
21,0,0,174,0,0,0,0,0,0,0,0,58,170
22,0,0,174,0,0,0,0,0,0,0,0,58,170
23,0,0,174,0,0,0,0,0,0,0,0,58,170
24,0,0,174,0,0,0,0,0,0,0,0,58,170
25,1,1,173,1,0,0,0,0,0,0,0,58,170
26,1,1,173,1,0,0,0,0,0,0,0,58,170
27,1,1,173,1,0,0,0,0,0,0,0,58,170
28,1,1,173,1,0,0,0,0,0,0,0,58,170
29,1,1,173,1,0,0,0,0,0,0,0,58,170
30,1,1,173,1,0,0,0,0,0,0,0,58,170
31,1,1,173,1,0,0,0,0,0,0,0,58,170
32,1,1,173,1,0,0,0,0,0,0,0,58,170
33,1,1,173,1,0,0,0,0,0,0,0,58,170
34,1,1,173,1,0,0,0,0,0,0,0,58,170
35,1,1,173,1,0,0,0,0,0,0,0,58,170
36,1,1,173,1,0,0,0,0,0,0,0,58,170
37,1,1,173,1,0,0,0,0,0,0,0,58,170
38,1,1,173,1,0,0,0,0,0,0,0,58,170
39,1,1,173,1,0,0,0,0,0,0,0,58,170
40,1,1,173,1,0,0,0,0,0,0,0,58,170
41,1,1,173,1,0,0,0,0,0,0,0,58,170
42,1,1,173,1,0,0,0,0,0,0,0,58,170
43,1,1,173,1,0,0,0,0,0,0,0,58,170
44,1,1,173,1,0,0,0,0,0,0,0,58,170
45,1,1,173,1,0,0,0,0,0,0,0,58,170
46,1,1,173,1,0,0,0,0,0,0,0,58,170
47,1,1,173,1,0,0,0,0,0,0,0,58,170
48,1,1,173,1,0,0,0,0,0,0,0,58,170
49,1,1,173,1,0,0,0,0,0,0,0,58,170
50,1,1,173,1,0,0,0,0,0,0,0,58,170
51,1,1,173,1,0,0,0,0,0,0,0,58,170
52,1,1,173,1,0,0,0,0,0,0,0,58,170
53,1,1,173,1,0,0,0,0,0,0,0,58,170
54,1,1,173,1,0,0,0,0,0,0,0,58,170
55,1,1,173,1,0,0,0,0,0,0,0,58,170
56,1,1,173,1,0,0,0,0,0,0,0,58,170
57,1,1,173,1,0,0,0,0,0,0,0,58,170
58,1,1,173,1,0,0,0,0,0,0,0,58,170
59,1,1,173,1,0,0,0,0,0,0,0,58,170
60,1,1,173,1,0,0,0,0,0,0,0,58,170
61,1,1,173,1,0,0,0,0,0,0,0,58,170
62,1,1,173,1,0,0,0,0,0,0,0,58,170
63,1,1,173,1,0,0,0,0,0,0,0,58,170
64,1,1,173,1,0,0,0,0,0,0,0,58,170
65,1,1,173,1,0,0,0,0,0,0,0,58,170
66,1,1,173,1,0,0,0,0,0,0,0,58,170
67,1,1,173,1,0,0,0,0,0,0,0,58,170
68,1,1,173,1,0,0,0,0,0,0,0,58,170
69,1,1,173,1,0,0,0,0,0,0,0,58,170
70,1,1,173,1,0,0,0,0,0,0,0,58,170
71,1,1,173,1,0,0,0,0,0,0,0,58,170
72,1,1,173,1,0,0,0,0,0,0,0,58,170
73,1,1,173,1,0,0,0,0,0,0,0,58,170
74,1,1,173,1,0,0,0,0,0,0,0,58,170
75,1,1,173,1,0,0,0,0,0,0,0,58,170
76,1,1,173,1,0,0,0,0,0,0,0,58,170
77,1,1,173,1,0,0,0,0,0,0,0,58,170
78,1,1,173,1,0,0,0,0,0,0,0,58,170
79,1,1,173,1,0,0,0,0,0,0,0,58,170
80,1,1,173,1,0,0,0,0,0,0,0,58,170
81,1,1,173,1,0,0,0,0,0,0,0,58,170
82,1,1,173,1,0,0,0,0,0,0,0,58,170
83,1,1,173,1,0,0,0,0,0,0,0,58,170
84,1,1,173,1,0,0,0,0,0,0,0,58,170
85,1,1,173,1,0,0,0,0,0,0,0,58,170
86,1,1,173,1,0,0,0,0,0,0,0,58,170
87,1,1,173,1,0,0,0,0,0,0,0,58,170
88,1,1,173,1,0,0,0,0,0,0,0,58,170
89,1,1,173,1,0,0,0,0,0,0,0,58,170
90,1,1,173,1,0,0,0,0,0,0,0,58,170
91,1,1,173,1,0,0,0,0,0,0,0,58,170
92,1,1,173,1,0,0,0,0,0,0,0,58,170
93,1,1,173,1,0,0,0,0,0,0,0,58,170
94,1,1,173,1,0,0,0,0,0,0,0,58,170
95,1,1,173,1,0,0,0,0,0,0,0,58,170
96,1,1,173,1,0,0,0,0,0,0,0,58,170
97,1,1,173,1,0,0,0,0,0,0,0,58,170
98,1,1,173,1,0,0,0,0,0,0,0,58,170
99,1,1,173,1,0,0,0,0,0,0,0,58,170
100,1,1,173,1,0,0,0,0,0,0,0,58,170
101,1,1,173,1,0,0,0,0,0,0,0,58,170
102,1,1,173,1,0,0,0,0,0,0,0,58,170
103,1,1,173,1,0,0,0,0,0,0,0,58,170
104,1,1,173,1,0,0,0,0,0,0,0,58,170
105,1,1,173,1,0,0,0,0,0,0,0,58,170
106,1,1,173,1,0,0,0,0,0,0,0,58,170
107,1,1,173,1,0,0,0,0,0,0,0,58,170
108,1,1,173,1,0,0,0,0,0,0,0,58,170
109,1,1,173,1,0,0,0,0,0,0,0,58,170
110,1,1,173,1,0,0,0,0,0,0,0,58,170
111,1,1,173,1,0,0,0,0,0,0,0,58,170
112,1,1,173,1,0,0,0,0,0,0,0,58,170
113,1,1,173,1,0,0,0,0,0,0,0,58,170
114,1,1,173,1,0,0,0,0,0,0,0,58,170
115,1,1,173,1,0,0,0,0,0,0,0,58,170
116,1,1,173,1,0,0,0,0,0,0,0,58,170
117,1,1,173,1,0,0,0,0,0,0,0,58,170
118,1,1,173,1,0,0,0,0,0,0,0,58,170
119,1,1,173,1,0,0,0,0,0,0,0,58,170
120,1,1,173,1,0,0,0,0,0,0,0,58,170
121,1,1,173,1,0,0,0,0,0,0,0,58,170
122,1,1,173,1,0,0,0,0,0,0,0,58,170
123,1,1,173,1,0,0,0,0,0,0,0,58,170
124,1,1,173,1,0,0,0,0,0,0,0,58,170
125,1,1,173,1,0,0,0,0,0,0,0,58,170
126,1,1,173,1,0,0,0,0,0,0,0,58,170
127,1,1,173,1,0,0,0,0,0,0,0,58,170
128,1,1,173,1,0,0,0,0,0,0,0,58,170
129,1,1,173,1,0,0,0,0,0,0,0,58,170
130,1,1,173,1,0,0,0,0,0,0,0,58,170
131,1,1,173,1,0,0,0,0,0,0,0,58,170
132,1,1,173,1,0,0,0,0,0,0,0,58,170
133,1,1,173,1,0,0,0,0,0,0,0,58,170
134,1,1,173,1,0,0,0,0,0,0,0,58,170
135,1,1,173,1,0,0,0,0,0,0,0,58,170
136,1,1,173,1,0,0,0,0,0,0,0,58,170
137,1,1,173,1,0,0,0,0,0,0,0,58,170
138,1,1,173,1,0,0,0,0,0,0,0,58,170
139,1,1,173,1,0,0,0,0,0,0,0,58,170
140,1,1,173,1,0,0,0,0,0,0,0,58,170
141,1,1,173,1,0,0,0,0,0,0,0,58,170
142,1,1,173,1,0,0,0,0,0,0,0,58,170
143,1,1,173,1,0,0,0,0,0,0,0,58,170
144,1,1,173,1,0,0,0,0,0,0,0,58,170
145,1,1,173,1,0,0,0,0,0,0,0,58,170
146,1,1,173,1,0,0,0,0,0,0,0,58,170
147,1,1,173,1,0,0,0,0,0,0,0,58,170
148,1,1,173,1,0,0,0,0,0,0,0,58,170
149,1,1,173,1,0,0,0,0,0,0,0,58,170
150,1,1,173,1,0,0,0,0,0,0,0,58,170
151,1,1,173,1,0,0,0,0,0,0,0,58,170
152,1,1,173,1,0,0,0,0,0,0,0,58,170
153,1,1,173,1,0,0,0,0,0,0,0,58,170
154,1,1,173,1,0,0,0,0,0,0,0,58,170
155,1,1,173,1,0,0,0,0,0,0,0,58,170
156,1,1,173,1,0,0,0,0,0,0,0,58,170
157,1,1,173,1,0,0,0,0,0,0,0,58,170
158,1,1,173,1,0,0,0,0,0,0,0,58,170
159,1,1,173,1,0,0,0,0,0,0,0,58,170
160,1,1,173,1,0,0,0,0,0,0,0,58,170
161,2,2,173,1,1,1,0,0,1,0,0,58,170
162,2,2,173,1,1,1,0,0,1,0,0,58,170
163,2,2,173,1,1,1,0,0,1,0,0,58,170
164,2,2,173,1,1,1,0,0,1,0,0,58,170
165,2,2,173,1,1,1,0,0,1,0,0,58,170
166,2,2,173,1,1,1,0,0,1,0,0,58,170
167,2,2,173,1,1,1,0,0,1,0,0,58,170
168,2,2,173,1,1,1,0,0,1,0,0,58,170
169,1,1,173,1,0,0,0,0,1,0,0,116,339
170,1,1,173,1,0,0,0,0,1,0,0,116,339
171,1,1,173,1,0,0,0,0,1,0,0,116,339
172,1,1,173,1,0,0,0,0,1,0,0,116,339
173,1,1,173,1,0,0,0,0,1,0,0,116,339
174,1,1,173,1,0,0,0,0,1,0,0,116,339
175,1,1,173,1,0,0,0,0,1,0,0,116,339
176,2,2,173,1,1,1,0,0,2,0,0,116,339
177,2,2,173,1,1,1,0,0,2,0,0,116,339
178,2,2,173,1,1,1,0,0,2,0,0,116,339
179,2,3,173,1,1,1,0,1,2,0,0,116,339
180,3,3,173,2,1,1,0,1,2,0,0,116,339
181,3,3,173,2,1,1,0,1,2,0,0,116,339
182,3,3,173,2,1,1,0,1,2,0,0,116,339
183,3,3,173,2,1,1,0,1,2,0,0,116,339
184,3,3,173,2,1,1,0,1,2,0,0,116,339
185,3,3,173,2,1,1,0,1,2,0,0,116,339
186,3,3,173,2,1,1,0,1,2,0,0,116,339
187,3,3,173,2,1,1,0,1,2,0,0,116,339
188,3,3,173,2,1,1,0,1,2,0,0,116,339
189,3,3,173,2,1,1,0,1,2,0,0,116,339
190,3,3,173,2,1,1,0,1,2,0,0,116,339
191,3,3,173,2,1,1,0,1,2,0,0,116,339
192,3,3,173,2,1,1,0,1,2,0,0,116,339
193,3,3,173,2,1,1,0,1,2,0,0,116,339
194,3,3,173,2,1,1,0,1,2,0,0,116,339
195,3,3,173,2,1,1,0,1,2,0,0,116,339
196,3,3,173,2,1,1,0,1,2,0,0,116,339
197,3,3,173,2,1,1,0,1,2,0,0,116,339
198,3,3,173,2,1,1,0,1,2,0,0,116,339
199,3,3,173,2,1,1,0,1,2,0,0,116,339
200,3,3,173,2,1,1,0,1,2,0,0,116,339
201,3,3,173,2,1,1,0,1,2,0,0,116,339
202,3,3,173,2,1,1,0,1,2,0,0,116,339
203,3,3,173,2,1,1,0,1,2,0,0,116,339
204,3,3,173,2,1,1,0,1,2,0,0,116,339
205,2,2,173,1,1,1,0,1,2,0,0,116,339
206,2,2,173,1,1,1,0,1,2,0,0,116,339
207,2,2,173,1,1,1,0,1,2,0,0,116,339
208,2,2,173,1,1,1,0,1,2,0,0,116,339
209,2,2,173,1,1,1,0,1,2,0,0,116,339
210,2,2,173,1,1,1,0,1,2,0,0,116,339
211,2,2,173,1,1,1,0,1,2,0,0,116,339
212,2,2,173,1,1,1,0,1,2,0,0,116,339
213,2,2,173,1,1,1,0,1,2,0,0,116,339
214,2,2,173,1,1,1,0,1,2,0,0,116,339
215,2,2,173,1,1,1,0,1,2,0,0,116,339
216,2,2,173,1,1,1,0,1,2,0,0,116,339
217,2,2,173,1,1,1,0,1,2,0,0,116,339
218,2,2,173,1,1,1,0,1,2,0,0,116,339
219,2,2,173,1,1,1,0,1,2,0,0,116,339
220,2,2,173,1,1,1,0,1,2,0,0,116,339
221,2,2,173,1,1,1,0,1,2,0,0,116,339
222,2,2,173,1,1,1,0,1,2,0,0,116,339
223,2,2,173,1,1,1,0,1,2,0,0,116,339
224,2,2,173,1,1,1,0,1,2,0,0,116,339
225,2,2,173,1,1,1,0,1,2,0,0,116,339
226,2,2,173,1,1,1,0,1,2,0,0,116,339
227,2,2,173,1,1,1,0,1,2,0,0,116,339
228,2,2,173,1,1,1,0,1,2,0,0,116,339
229,2,2,173,1,1,1,0,1,2,0,0,116,339
230,2,2,173,1,1,1,0,1,2,0,0,116,339
231,2,2,173,1,1,1,0,1,2,0,0,116,339
232,2,2,173,1,1,1,0,1,2,0,0,116,339
233,2,2,173,1,1,1,0,1,2,0,0,116,339
234,2,2,173,1,1,1,1,1,2,1,0,116,339
235,2,2,173,1,1,1,1,1,2,1,0,116,339
236,2,2,173,1,1,1,1,1,2,1,0,116,339
237,2,2,173,1,1,1,1,1,2,1,0,116,339
238,2,2,173,1,1,1,1,1,2,1,0,116,339
239,2,2,173,1,1,1,1,1,2,1,0,116,339
240,2,2,173,1,1,1,1,1,2,1,0,116,339
241,2,2,173,1,1,1,1,1,2,1,0,116,339
242,2,2,173,1,1,1,1,1,2,1,0,116,339
243,2,2,173,1,1,1,1,1,2,1,0,116,339
244,2,2,173,1,1,1,1,1,2,1,0,116,339
245,2,2,173,1,1,1,1,1,2,1,0,116,339
246,2,2,173,1,1,1,1,1,2,1,0,116,339
247,2,2,173,1,1,1,1,1,2,1,0,116,339
248,2,2,173,1,1,1,1,1,2,1,0,116,339
249,2,2,173,1,1,1,1,1,2,1,0,116,339
250,2,2,173,1,1,1,1,1,2,1,0,116,339
251,2,2,173,1,1,1,1,1,2,1,0,116,339
252,2,2,173,1,1,1,1,1,2,1,0,116,339
253,2,2,173,1,1,1,1,1,2,1,0,116,339
254,2,2,173,1,1,1,1,1,2,1,0,116,339
255,2,2,173,1,1,1,1,1,2,1,0,116,339
256,2,2,173,1,1,1,1,1,2,1,0,116,339
257,2,2,173,1,1,1,1,1,2,1,0,116,339
258,2,2,173,1,1,1,0,1,2,1,0,116,339
259,2,2,173,1,1,1,0,1,2,1,0,116,339
260,2,2,173,1,1,1,0,1,2,1,0,116,339
261,2,2,173,1,1,1,0,1,2,1,0,116,339
262,2,2,173,1,1,1,0,1,2,1,0,116,339
263,2,2,173,1,1,1,0,1,2,1,0,116,339
264,2,2,173,1,1,1,0,1,2,1,0,116,339
265,2,2,173,1,1,1,0,1,2,1,0,116,339
266,2,2,173,1,1,1,0,1,2,1,0,116,339
267,2,2,173,1,1,1,0,1,2,1,0,116,339
268,2,2,173,1,1,1,0,1,2,1,0,116,339
269,2,2,173,1,1,1,0,1,2,1,0,116,339
270,2,2,173,1,1,1,0,1,2,1,0,116,339
271,2,2,173,1,1,1,0,1,2,1,0,116,339
272,2,2,173,1,1,1,0,1,2,1,0,116,339
273,2,2,173,1,1,1,0,1,2,1,0,116,339
274,2,2,173,1,1,1,0,1,2,1,0,116,339
275,2,2,173,1,1,1,0,1,2,1,0,116,339
276,2,2,173,1,1,1,0,1,2,1,0,116,339
277,2,2,173,1,1,1,0,1,2,1,0,116,339
278,2,2,173,1,1,1,0,1,2,1,0,116,339
279,2,2,173,1,1,1,0,1,2,1,0,116,339
280,2,2,173,1,1,1,0,1,2,1,0,116,339
281,2,2,173,1,1,1,0,1,2,1,0,116,339
282,2,2,173,1,1,1,0,1,2,1,0,116,339
283,2,2,173,1,1,1,0,1,2,1,0,116,339
284,2,2,173,1,1,1,0,1,2,1,0,116,339
285,2,2,173,1,1,1,0,1,2,1,0,116,339
286,2,2,173,1,1,1,0,1,2,1,0,116,339
287,2,2,173,1,1,1,0,1,2,1,0,116,339
288,2,2,173,1,1,1,0,1,2,1,0,116,339
289,2,2,173,1,1,1,0,1,2,1,0,116,339
290,2,2,173,1,1,1,0,1,2,1,0,116,339
291,2,2,173,1,1,1,0,1,2,1,0,116,339
292,2,2,173,1,1,1,0,1,2,1,0,116,339
293,2,2,173,1,1,1,0,1,2,1,0,116,339
294,2,2,173,1,1,1,0,1,2,1,0,116,339
295,2,2,173,1,1,1,0,1,2,1,0,116,339
296,3,3,173,1,2,2,0,1,3,1,0,116,339
297,3,3,173,1,2,2,0,1,3,1,0,116,339
298,3,3,173,1,2,2,0,1,3,1,0,116,339
299,3,3,173,1,2,2,0,1,3,1,0,116,339
300,4,4,173,1,3,3,0,1,4,1,0,116,339
301,4,4,173,1,3,3,0,1,4,1,0,116,339
302,4,4,173,1,3,3,0,1,4,1,0,116,339
303,4,4,173,1,3,3,0,1,4,1,0,116,339
304,4,4,173,1,3,3,0,1,4,1,0,116,339
305,4,4,173,1,3,3,0,1,4,1,0,116,339
306,4,4,173,1,3,3,0,1,4,1,0,116,339
307,4,4,173,1,3,3,0,1,4,1,0,116,339
308,4,4,173,1,3,3,0,1,4,1,0,116,339
309,4,4,173,1,3,3,0,1,4,1,0,116,339
310,4,4,173,1,3,3,0,1,4,1,0,116,339
311,4,4,173,1,3,3,0,1,4,1,0,116,339
312,4,4,173,1,3,3,0,1,4,1,0,116,339
313,4,4,173,1,3,3,0,1,4,1,0,116,339
314,4,4,173,1,3,3,0,1,4,1,0,116,339
315,4,4,173,1,3,3,0,1,4,1,0,116,339
316,4,4,173,1,3,3,0,1,4,1,0,116,339
317,4,4,173,1,3,3,0,1,4,1,0,116,339
318,4,4,173,1,3,3,0,1,4,1,0,116,339
319,4,4,173,1,3,3,0,1,4,1,0,116,339
320,4,4,173,1,3,3,0,1,4,1,0,116,339
321,4,4,173,1,3,3,0,1,4,1,0,116,339
322,4,4,173,1,3,3,0,1,4,1,0,116,339
323,4,4,173,1,3,3,0,1,4,1,0,116,339
324,4,4,173,1,3,3,0,1,4,1,0,116,339
325,4,4,173,1,3,3,0,1,4,1,0,116,339
326,4,5,173,1,3,4,0,1,5,1,0,116,339
327,4,5,173,1,3,4,0,1,5,1,0,116,339
328,4,5,173,1,3,4,0,1,5,1,0,116,339
329,4,5,173,1,3,4,0,1,5,1,0,116,339
330,4,5,173,1,3,4,0,1,5,1,0,116,339
331,4,5,173,1,3,4,0,1,5,1,0,116,339
332,4,5,173,1,3,4,0,1,5,1,0,116,339
333,4,5,173,1,3,4,0,1,5,1,0,116,339
334,4,5,173,1,3,4,0,1,5,1,0,116,339
335,4,5,173,1,3,4,0,1,5,1,0,116,339
336,4,5,173,1,3,4,0,1,5,1,0,116,339
337,3,3,173,1,2,2,0,1,5,1,0,174,506
338,3,3,173,1,2,2,0,1,5,1,0,174,506
339,3,3,173,1,2,2,0,1,5,1,0,174,506
340,3,3,173,1,2,2,0,1,5,1,0,174,506
341,3,3,173,1,2,2,0,1,5,1,0,174,506
342,3,3,173,1,2,2,0,1,5,1,0,174,506
343,3,3,173,1,2,2,0,1,5,1,0,174,506
344,3,3,173,1,2,2,0,1,5,1,0,174,506
345,3,3,173,1,2,2,0,1,5,1,0,174,506
346,3,3,173,1,2,2,0,1,5,1,0,174,506
347,3,3,173,1,2,2,0,1,5,1,0,174,506
348,3,3,173,1,2,2,0,1,5,1,0,174,506
349,3,3,173,1,2,2,0,1,5,1,0,174,506
350,3,3,173,1,2,2,0,1,5,1,0,174,506
351,3,3,173,1,2,2,0,1,5,1,0,174,506
352,3,3,173,1,2,2,0,1,5,1,0,174,506
353,3,3,173,1,2,2,0,1,5,1,0,174,506
354,3,3,173,1,2,2,0,1,5,1,0,174,506
355,3,3,173,1,2,2,0,1,5,1,0,174,506
356,2,2,173,1,1,1,0,1,5,1,0,174,506
357,2,2,173,1,1,1,0,1,5,1,0,174,506
358,2,2,173,1,1,1,0,1,5,1,0,174,506
359,2,2,173,1,1,1,0,1,5,1,0,174,506
360,2,2,173,0,2,2,0,1,6,1,0,174,506
361,2,2,173,0,2,2,0,1,6,1,0,174,506
362,2,2,173,0,2,2,0,1,6,1,0,174,506
363,2,2,173,0,2,2,0,1,6,1,0,174,506
364,2,2,173,0,2,2,0,1,6,1,0,174,506
365,2,2,173,0,2,2,0,1,6,1,0,174,506
366,2,2,173,0,2,2,0,1,6,1,0,174,506
367,2,2,173,0,2,2,0,1,6,1,0,174,506
368,2,2,173,0,2,2,0,1,6,1,0,174,506
369,2,2,173,0,2,2,0,1,6,1,0,174,506
370,2,2,173,0,2,2,0,1,6,1,0,174,506
371,2,2,173,0,2,2,0,1,6,1,0,174,506
372,2,2,173,0,2,2,0,1,6,1,0,174,506
373,2,2,173,0,2,2,0,1,6,1,0,174,506
374,2,2,173,0,2,2,0,1,6,1,0,174,506
375,2,2,173,0,2,2,0,1,6,1,0,174,506
376,2,2,173,0,2,2,0,1,6,1,0,174,506
377,2,2,173,0,2,2,0,1,6,1,0,174,506
378,2,2,173,0,2,2,0,1,6,1,0,174,506
379,2,2,173,0,2,2,0,1,6,1,0,174,506
380,2,2,173,0,2,2,0,1,6,1,0,174,506
381,2,2,173,0,2,2,0,1,6,1,0,174,506
382,2,2,173,0,2,2,0,1,6,1,0,174,506
383,2,2,173,0,2,2,0,1,6,1,0,174,506
384,2,2,173,0,2,2,0,1,6,1,0,174,506
385,2,3,173,0,2,2,0,2,6,1,0,174,506
386,3,4,173,1,2,3,0,2,7,1,0,174,506
387,3,4,173,1,2,3,0,2,7,1,0,174,506
388,3,4,173,1,2,3,0,2,7,1,0,174,506
389,3,4,173,1,2,3,0,2,7,1,0,174,506
390,3,4,173,1,2,3,0,2,7,1,0,174,506
391,3,4,173,1,2,3,0,2,7,1,0,174,506
392,3,4,173,1,2,3,0,2,7,1,0,174,506
393,3,4,173,1,2,3,0,2,7,1,0,174,506
394,3,4,173,1,2,3,0,2,7,1,0,174,506
395,3,4,173,1,2,3,0,2,7,1,0,174,506
396,3,4,173,1,2,3,0,2,7,1,0,174,506
397,3,4,173,1,2,3,0,2,7,1,0,174,506
398,3,4,173,1,2,3,0,2,7,1,0,174,506
399,3,4,173,1,2,3,0,2,7,1,0,174,506
400,4,5,173,1,3,4,0,2,8,1,0,174,506
401,4,5,173,1,3,4,0,2,8,1,0,174,506
402,4,6,173,1,3,4,0,3,8,1,0,174,506
403,5,6,173,2,3,4,0,3,8,1,0,174,506
404,5,7,172,2,3,4,0,4,8,1,0,174,506
405,5,7,172,2,3,4,0,4,8,1,0,174,506
406,5,7,172,2,3,4,0,4,8,1,0,174,506
407,5,7,172,2,3,4,0,4,8,1,0,174,506
408,6,8,172,2,4,5,0,4,9,1,0,174,506
409,6,8,172,2,4,5,0,4,9,1,0,174,506
410,6,8,172,2,4,5,0,4,9,1,0,174,506
411,6,8,172,2,4,5,0,4,9,1,0,174,506
412,6,8,172,2,4,5,0,4,9,1,0,174,506
413,6,8,172,2,4,5,0,4,9,1,0,174,506
414,6,8,172,2,4,5,0,4,9,1,0,174,506
415,6,8,172,2,4,5,0,4,9,1,0,174,506
416,6,8,172,2,4,5,0,4,9,1,0,174,506
417,6,8,172,2,4,5,0,4,9,1,0,174,506
418,6,8,172,2,4,5,0,4,9,1,0,174,506
419,6,8,172,2,4,5,0,4,9,1,0,174,506
420,6,8,172,2,4,5,0,4,9,1,0,174,506
421,6,8,172,2,4,5,0,4,9,1,0,174,506
422,6,8,172,2,4,5,0,4,9,1,0,174,506
423,6,8,172,2,4,5,0,4,9,1,0,174,506
424,6,8,172,2,4,5,0,4,9,1,0,174,506
425,6,8,172,2,4,5,0,4,9,1,0,174,506
426,6,8,172,2,4,5,0,4,9,1,0,174,506
427,6,8,172,2,4,5,0,4,9,1,0,174,506
428,6,8,172,2,4,5,0,4,9,1,0,174,506
429,6,8,172,2,4,5,0,4,9,1,0,174,506
430,6,8,172,2,4,5,0,4,9,1,0,174,506
431,6,8,172,2,4,5,0,4,9,1,0,174,506
432,6,8,172,2,4,5,0,4,9,1,0,174,506
433,6,8,172,2,4,5,0,4,9,1,0,174,506
434,6,8,172,2,4,5,0,4,9,1,0,174,506
435,6,8,172,2,4,5,0,4,9,1,0,174,506
436,6,8,172,2,4,5,0,4,10,1,0,174,506
437,6,8,172,2,4,5,0,4,10,1,0,174,506
438,6,8,172,2,4,5,0,4,10,1,0,174,506
439,6,8,172,2,4,5,0,4,10,1,0,174,506
440,6,8,172,2,4,5,0,4,10,1,0,174,506
441,6,8,172,2,4,5,0,4,10,1,0,174,506
442,6,8,172,2,4,5,0,4,10,1,0,174,506
443,6,8,172,2,4,5,0,4,10,1,0,174,506
444,6,8,172,2,4,5,0,4,10,1,0,174,506
445,6,8,172,2,4,5,0,4,10,1,0,174,506
446,6,8,172,2,4,5,0,4,10,1,0,174,506
447,6,8,172,2,4,5,0,4,10,1,0,174,506
448,6,8,172,2,4,5,0,4,10,1,0,174,506
449,6,8,172,2,4,5,0,4,10,1,0,174,506
450,6,8,172,2,4,5,0,4,10,1,0,174,506
451,6,8,172,2,4,5,0,4,10,1,0,174,506
452,6,8,172,2,4,5,0,4,10,1,0,174,506
453,6,8,172,2,4,5,0,4,10,1,0,174,506
454,6,8,172,2,4,5,0,4,10,1,0,174,506
455,6,8,172,2,4,5,0,4,10,1,0,174,506
456,6,8,172,2,4,5,0,4,10,1,0,174,506
457,6,8,172,2,4,5,0,4,10,1,0,174,506
458,6,8,172,2,4,5,0,4,10,1,0,174,506
459,6,8,172,2,4,5,0,4,10,1,0,174,506
460,6,8,172,2,4,5,0,4,10,1,0,174,506
461,6,8,172,2,4,5,0,4,10,1,0,174,506
462,6,8,172,2,4,5,0,4,10,1,0,174,506
463,6,8,172,2,4,5,0,4,10,1,0,174,506
464,6,8,172,2,4,5,0,4,10,1,0,174,506
465,6,8,172,2,4,5,0,4,10,1,0,174,506
466,6,8,172,2,4,5,0,4,10,1,0,174,506
467,6,8,172,2,4,5,0,4,10,1,0,174,506
468,6,8,172,2,4,5,0,4,10,1,0,174,506
469,6,8,172,2,4,5,0,4,10,1,0,174,506
470,6,8,172,2,4,5,0,4,10,1,0,174,506
471,6,8,172,2,4,5,0,4,10,1,0,174,506
472,6,8,172,2,4,5,0,4,10,1,0,174,506
473,6,8,172,2,4,5,0,4,10,1,0,174,506
474,6,8,172,2,4,5,0,4,10,1,0,174,506
475,6,8,172,2,4,5,0,4,10,1,0,174,506
476,5,7,172,2,3,4,0,4,10,1,0,174,506
477,5,7,172,2,3,4,0,4,10,1,0,174,506
478,5,7,172,2,3,4,0,4,10,1,0,174,506
479,5,7,172,2,3,4,0,4,10,1,0,174,506
480,5,7,172,2,3,4,0,4,10,1,0,174,506
481,5,7,172,2,3,4,0,4,10,1,0,174,506
482,5,7,172,2,3,4,0,4,10,1,0,174,506
483,5,7,172,2,3,4,0,4,10,1,0,174,506
484,5,7,172,2,3,4,0,4,10,1,0,174,506
485,5,7,172,2,3,4,0,4,10,1,0,174,506
486,5,7,172,2,3,4,0,4,10,1,0,174,506
487,5,7,172,2,3,4,0,4,10,1,0,174,506
488,5,7,172,2,3,4,0,4,10,1,0,174,506
489,5,7,172,2,3,4,0,4,10,1,0,174,506
490,5,7,172,2,3,4,0,4,10,1,0,174,506
491,5,7,172,2,3,4,0,4,10,1,0,174,506
492,5,7,172,2,3,4,0,4,10,1,0,174,506
493,5,7,172,2,3,4,0,4,10,1,0,174,506
494,5,7,172,2,3,4,0,4,10,1,0,174,506
495,5,7,172,2,3,4,0,4,10,1,0,174,506
496,6,8,172,2,4,5,0,4,11,1,0,174,506
497,6,8,172,2,4,5,0,4,11,1,0,174,506
498,6,8,172,2,4,5,0,4,11,1,0,174,506
499,6,8,172,2,4,5,0,4,11,1,0,174,506
500,6,8,172,2,4,5,0,4,11,1,0,174,506
501,6,8,172,2,4,5,0,4,11,1,0,174,506
502,6,8,172,2,4,5,0,4,11,1,0,174,506
503,6,8,172,2,4,5,0,4,11,1,0,174,506
504,6,8,172,2,4,5,0,4,11,1,0,174,506
505,2,4,172,2,0,1,0,4,11,1,0,232,669
506,2,4,172,2,0,1,0,4,11,1,0,232,669
507,2,4,172,2,0,1,0,4,11,1,0,232,669
508,2,4,172,2,0,1,0,4,11,1,0,232,669
509,2,4,172,2,0,1,0,4,11,1,0,232,669
510,3,5,172,2,1,2,0,4,12,1,0,232,669
511,3,5,172,2,1,2,0,4,12,1,0,232,669
512,3,5,172,2,1,2,0,4,12,1,0,232,669
513,3,5,172,2,1,2,0,4,12,1,0,232,669
514,3,5,172,2,1,2,0,4,12,1,0,232,669
515,3,5,172,2,1,2,0,4,12,1,0,232,669
516,3,5,172,2,1,2,0,4,12,1,0,232,669
517,3,5,172,2,1,2,0,4,12,1,0,232,669
518,3,5,172,2,1,2,0,4,12,1,0,232,669
519,3,5,172,2,1,2,0,4,12,1,0,232,669
520,3,5,172,2,1,2,0,4,12,1,0,232,669
521,3,5,172,2,1,2,0,4,12,1,0,232,669
522,3,5,172,2,1,2,0,4,12,1,0,232,669
523,3,5,172,2,1,2,0,4,12,1,0,232,669
524,4,5,172,3,1,2,0,4,12,1,0,233,669
525,4,5,172,3,1,2,0,4,12,1,0,233,669
526,4,5,172,3,1,2,0,4,12,1,0,234,669
527,4,5,172,3,1,2,0,4,12,1,0,235,669
528,4,5,172,3,1,2,0,4,12,1,0,236,669
529,4,5,172,3,1,2,0,4,12,1,0,237,669
530,4,5,172,3,1,2,0,4,12,1,0,238,669
531,4,5,172,3,1,2,0,4,12,1,0,239,669
532,4,5,172,3,1,2,0,4,12,1,0,239,669
533,4,5,172,3,1,2,0,4,12,1,0,239,669
534,4,5,172,3,1,2,0,4,12,1,0,240,669
535,4,5,172,3,1,2,0,4,12,1,0,240,669
536,4,5,172,3,1,2,0,4,12,1,0,240,669
537,4,5,172,3,1,2,0,4,12,1,0,240,669
538,4,5,172,3,1,2,0,4,12,1,0,241,669
539,4,5,172,3,1,2,0,4,12,1,0,242,669
540,4,5,172,3,1,2,0,4,12,1,0,243,669
541,4,5,172,3,1,2,0,4,12,1,0,244,669
542,4,5,172,3,1,2,0,4,12,1,0,245,669
543,4,5,172,3,1,2,0,4,12,1,0,245,669
544,4,5,172,3,1,2,0,4,12,1,0,246,669
545,4,5,172,3,1,2,0,4,12,1,0,246,669
546,4,5,172,3,1,2,0,4,12,1,0,247,669
547,4,5,172,3,1,2,0,4,12,1,0,248,669
548,4,5,172,3,1,2,0,4,12,1,0,249,669
549,4,6,171,3,1,2,0,5,12,1,0,250,669
550,4,6,171,3,1,2,0,5,12,1,0,251,669
551,4,6,171,3,1,2,0,5,12,1,0,252,669
552,5,7,171,3,2,3,0,5,13,1,0,253,669
553,5,7,171,3,2,3,0,5,13,1,0,253,669
554,6,8,170,3,3,3,0,6,13,1,0,254,669
555,6,8,170,3,3,3,0,6,13,1,0,255,669
556,6,8,170,3,3,3,0,6,13,1,0,256,669
557,6,9,170,3,3,4,0,6,14,1,0,256,669
558,6,9,170,3,3,4,0,6,14,1,0,256,669
559,6,9,170,3,3,4,0,6,14,1,0,257,669
560,6,9,170,3,3,4,0,6,14,1,0,258,669
561,6,9,170,3,3,4,0,6,14,1,0,258,669
562,6,9,170,3,3,4,0,6,14,1,0,258,669
563,6,9,170,3,3,4,0,6,14,1,0,259,669
564,6,9,170,3,3,4,0,6,14,1,0,260,669
565,6,9,170,3,3,4,0,6,14,1,0,261,669
566,5,8,170,2,3,4,0,6,14,1,0,261,669
567,5,8,170,2,3,4,0,6,14,1,0,261,669
568,6,9,170,2,4,5,0,6,15,1,0,262,669
569,6,9,170,2,4,5,0,6,15,1,0,262,669
570,6,9,170,2,4,5,0,6,15,1,0,262,669
571,6,9,170,2,4,5,0,6,15,1,0,262,669
572,6,9,170,2,4,5,0,6,15,1,0,263,669
573,6,9,170,2,4,5,0,6,15,1,0,264,669
574,6,9,170,2,4,5,0,6,15,1,0,265,669
575,6,9,170,2,4,5,0,6,15,1,0,266,669
576,6,10,170,2,4,5,0,7,15,1,0,266,669
577,7,10,170,3,4,5,0,7,15,1,0,267,669
578,7,10,170,3,4,5,0,7,15,1,0,267,669
579,7,10,170,3,4,5,0,7,15,1,0,268,669
580,7,11,170,3,4,5,0,8,15,1,0,268,669
581,8,11,170,4,4,5,0,8,15,1,0,269,669
582,8,11,170,4,4,5,0,8,15,1,0,269,669
583,7,10,170,3,4,5,0,8,15,1,0,270,669
584,7,10,170,3,4,5,0,8,15,1,0,271,669
585,7,10,170,3,4,5,0,8,15,1,0,272,669
586,7,10,170,3,4,5,0,8,15,1,0,273,669
587,7,10,170,3,4,5,0,8,15,1,0,273,669
588,7,10,170,3,4,5,0,8,15,1,0,273,669
589,7,10,170,3,4,5,0,8,15,1,0,273,669
590,7,10,170,3,4,5,0,8,15,1,0,273,669
591,7,10,170,3,4,5,0,8,15,1,0,273,669
592,7,10,170,3,4,5,0,8,15,1,0,273,669
593,7,10,170,3,4,5,0,8,15,1,0,274,669
594,7,10,170,3,4,5,0,8,15,1,0,274,669
595,7,10,170,3,4,5,0,8,15,1,0,274,669
596,8,11,170,3,5,6,0,8,16,1,0,275,669
597,8,11,170,3,5,6,0,8,16,1,0,276,669
598,8,11,170,3,5,6,0,8,16,1,0,276,669
599,8,11,170,3,5,6,0,8,16,1,0,276,669
600,8,11,170,3,5,6,0,8,16,1,0,277,669
601,8,11,170,3,5,6,0,8,16,1,0,278,669
602,8,11,170,3,5,6,0,8,16,1,0,279,669
603,8,11,170,3,5,6,0,8,16,1,0,280,669
604,8,11,170,3,5,6,0,8,16,1,0,280,669
605,8,11,170,3,5,6,0,8,16,1,0,281,669
606,8,12,170,3,5,7,0,8,17,1,0,282,669
607,8,12,170,3,5,7,0,8,17,1,0,283,669
608,8,12,170,3,5,7,0,8,17,1,0,284,669
609,8,12,170,3,5,7,0,8,17,1,0,285,669
610,8,12,170,3,5,7,0,8,17,1,0,286,669
611,8,12,170,3,5,7,0,8,17,1,0,286,669
612,8,12,170,3,5,7,0,8,17,1,0,287,669
613,8,12,170,3,5,7,0,8,17,1,0,288,669
614,8,12,170,3,5,7,0,8,17,1,0,288,669
615,8,12,170,3,5,7,0,8,17,1,0,289,669
616,8,12,170,3,5,7,0,8,17,1,0,289,669
617,8,12,170,3,5,7,0,8,17,1,0,290,669
618,8,12,170,3,5,7,0,8,17,1,0,291,669
619,8,12,170,3,5,7,0,8,17,1,0,292,669
620,8,13,170,3,5,8,0,8,18,1,0,293,669
621,8,13,170,3,5,8,0,8,18,1,0,293,669
622,8,13,170,3,5,8,0,8,18,1,0,293,669
623,8,13,170,3,5,8,0,8,18,1,0,294,669
624,8,14,170,3,5,9,0,8,19,1,0,295,669
625,8,14,170,3,5,9,0,8,19,1,0,296,669
626,8,14,170,3,5,9,0,8,19,1,0,296,669
627,8,14,170,3,5,9,0,8,19,1,0,297,669
628,8,15,170,3,5,10,0,8,20,1,0,298,669
629,8,15,170,3,5,10,0,8,20,1,0,298,669
630,8,15,170,3,5,10,0,8,20,1,0,298,669
631,8,16,169,3,5,10,0,9,20,1,0,298,669
632,8,16,169,3,5,10,0,9,20,1,0,298,669
633,8,16,169,3,5,10,0,9,20,1,0,299,669
634,8,16,169,3,5,10,0,9,20,1,0,300,669
635,8,16,169,3,5,10,0,9,20,1,0,301,669
636,8,16,169,3,5,10,0,9,20,1,0,301,669
637,8,16,169,3,5,10,0,9,20,1,0,302,669
638,8,16,169,3,5,10,0,9,20,1,0,302,669
639,8,16,169,3,5,10,0,9,20,1,0,303,669
640,8,16,169,3,5,10,0,9,20,1,0,303,669
641,8,16,169,3,5,10,0,9,20,1,0,304,669
642,8,16,169,3,5,10,0,9,20,1,0,304,669
643,8,16,169,3,5,10,0,9,20,1,0,304,669
644,7,15,169,2,5,10,0,9,20,1,0,304,669
645,7,15,169,2,5,10,0,9,20,1,0,304,669
646,7,15,169,2,5,10,0,9,20,1,0,304,669
647,7,15,169,2,5,10,0,9,20,1,0,304,669
648,7,16,169,2,5,10,0,10,20,1,0,304,669
649,8,16,169,3,5,10,0,10,20,1,0,304,669
650,7,16,169,3,4,10,0,10,21,1,0,304,669
651,7,16,169,3,4,10,0,10,21,1,0,304,669
652,7,17,169,3,4,11,0,10,22,1,0,304,669
653,7,17,169,3,4,11,0,10,22,1,0,304,669
654,8,17,169,3,5,11,0,10,22,1,0,304,669
655,8,17,169,3,5,11,0,10,22,1,0,304,669
656,8,17,169,3,5,11,0,10,22,1,0,304,669
657,8,17,169,3,5,11,0,10,22,1,0,304,669
658,8,17,169,3,5,11,0,10,22,1,0,304,669
659,8,17,169,3,5,11,0,10,22,1,0,304,669
660,9,18,169,3,6,12,0,10,23,1,0,304,669
661,9,18,169,3,6,12,0,10,23,1,0,304,669
662,9,18,169,3,6,12,0,10,23,1,0,304,669
663,9,18,169,3,6,12,0,10,23,1,0,304,669
664,9,18,169,3,6,12,0,10,23,1,0,304,669
665,9,18,169,3,6,12,0,10,23,1,0,304,669
666,9,18,169,3,6,12,0,10,23,1,0,304,669
667,9,18,169,3,6,12,0,10,23,1,0,304,669
668,10,18,169,3,7,12,0,10,23,1,0,304,669
669,10,18,169,3,7,12,0,10,23,1,0,304,669
670,10,18,169,3,7,12,0,10,23,1,0,304,669
671,10,18,169,3,7,12,0,10,23,1,0,304,669
672,10,18,169,3,7,12,0,10,24,1,0,304,669
673,6,9,169,3,3,3,0,10,24,1,0,362,823
674,6,9,169,3,3,3,0,10,24,1,0,362,823
675,6,9,169,3,3,3,0,10,24,1,0,362,823
676,6,9,169,3,3,3,0,10,24,1,0,362,823
677,6,9,169,3,3,3,0,10,24,1,0,362,823
678,6,9,169,3,3,3,0,10,24,1,0,362,823
679,6,9,169,3,3,3,0,10,24,1,0,362,823
680,6,9,169,3,3,3,0,10,24,1,0,362,823
681,6,9,169,3,3,3,0,10,24,1,0,362,823
682,6,9,169,3,3,3,0,10,24,1,0,362,823
683,6,9,169,3,3,3,0,10,24,1,0,362,823
684,6,9,169,3,3,3,0,10,24,1,0,362,823
685,6,9,169,3,3,3,0,10,24,1,0,362,823
686,6,9,169,3,3,3,0,10,24,1,0,362,823
687,6,9,169,3,3,3,0,10,24,1,0,362,823
688,7,10,169,3,4,4,0,10,25,1,0,362,823
689,7,10,169,3,4,4,0,10,25,1,0,362,823
690,7,10,169,3,4,4,0,10,25,1,0,362,823
691,7,10,169,3,4,4,0,10,25,1,0,362,823
692,7,10,169,3,4,4,0,10,25,1,0,362,823
693,7,11,169,3,4,5,0,10,26,1,0,362,823
694,7,11,169,3,4,5,0,10,26,1,0,362,823
695,7,11,169,3,4,5,0,10,26,1,0,362,823
696,7,11,169,3,4,5,0,10,26,1,0,362,823
697,7,11,169,3,4,5,0,10,26,1,0,362,823
698,7,11,169,3,4,5,0,10,26,1,0,362,823
699,7,11,169,3,4,5,0,10,26,1,0,362,823
700,7,11,169,3,4,5,0,10,26,1,0,362,823
701,7,11,169,3,4,5,0,10,26,1,0,362,823
702,7,11,169,3,4,5,0,10,26,1,0,362,823
703,7,11,169,3,4,5,0,10,26,1,0,362,823
704,7,11,169,3,4,5,0,10,26,1,0,362,823
705,7,11,169,3,4,5,0,10,26,1,0,362,823
706,7,11,169,3,4,5,0,10,26,1,0,362,823
707,7,11,169,3,4,5,0,10,26,1,0,362,823
708,7,11,169,3,4,5,0,10,26,1,0,362,823
709,7,11,169,3,4,5,0,10,26,1,0,362,823
710,7,11,169,3,4,5,0,10,26,1,0,362,823
711,7,11,169,3,4,5,0,10,26,1,0,362,823
712,7,11,169,3,4,5,0,10,26,1,0,362,823
713,7,11,169,3,4,5,0,10,26,1,0,362,823
714,7,11,169,3,4,5,0,10,26,1,0,362,823
715,7,11,169,3,4,5,0,10,26,1,0,362,823
716,7,11,169,3,4,5,0,10,26,1,0,362,823
717,7,11,169,3,4,5,0,10,26,1,0,362,823
718,7,11,169,3,4,5,0,10,26,1,0,362,823
719,7,11,169,3,4,5,0,10,26,1,0,362,823
720,7,11,169,3,4,5,0,10,26,1,0,362,823
721,7,11,169,3,4,5,0,10,26,1,0,362,823
722,8,11,169,4,4,5,0,10,26,1,0,362,823
723,8,11,169,4,4,5,0,10,26,1,0,362,823
724,8,11,169,4,4,5,0,10,26,1,0,362,823
725,8,11,169,4,4,5,0,10,26,1,0,362,823
726,8,11,169,4,4,5,0,10,26,1,0,362,823
727,8,11,169,4,4,5,0,10,26,1,0,362,823
728,9,12,168,5,4,5,0,11,26,1,0,362,823
729,9,13,167,5,4,5,0,12,26,1,0,362,823
730,9,13,167,5,4,5,0,12,26,1,0,362,823
731,9,13,167,5,4,5,0,12,26,1,0,362,823
732,9,13,167,5,4,5,0,12,26,1,0,362,823
733,9,13,167,5,4,5,0,12,26,1,0,362,823
734,9,13,167,5,4,5,0,12,26,1,0,362,823
735,9,13,167,5,4,5,0,12,26,1,0,362,823
736,9,14,167,5,4,6,0,12,27,1,0,362,823
737,9,14,167,5,4,6,0,12,27,1,0,362,823
738,9,14,167,5,4,6,0,12,27,1,0,362,823
739,9,15,166,5,4,6,0,13,27,1,0,362,823
740,9,15,166,5,4,6,0,13,27,1,0,362,823
741,9,15,166,5,4,6,0,13,27,1,0,362,823
742,9,15,166,5,4,6,0,13,27,1,0,362,823
743,9,15,166,5,4,6,0,13,27,1,0,362,823
744,9,15,166,5,4,6,0,13,27,1,0,362,823
745,9,15,166,5,4,6,0,13,27,1,0,362,823
746,9,15,166,5,4,6,0,13,27,1,0,362,823
747,9,15,166,5,4,6,0,13,27,1,0,362,823
748,9,15,166,5,4,6,0,13,27,1,0,362,823
749,9,15,166,5,4,6,0,13,27,1,0,362,823
750,10,16,166,5,5,7,0,13,28,1,0,362,823
751,10,16,166,5,5,7,0,13,28,1,0,362,823
752,10,16,166,5,5,7,0,13,28,1,0,362,823
753,10,16,166,5,5,7,0,13,28,1,0,362,823
754,10,16,166,5,5,7,0,13,28,1,0,362,823
755,10,16,166,5,5,7,0,13,28,1,0,362,823
756,10,16,166,5,5,7,0,13,28,1,0,362,823
757,9,15,166,4,5,7,0,13,28,1,0,362,823
758,9,15,166,4,5,7,0,13,28,1,0,362,823
759,9,15,166,4,5,7,0,13,28,1,0,362,823
760,9,15,166,4,5,7,0,13,28,1,0,362,823
761,8,14,166,3,5,7,0,13,28,1,0,362,823
762,8,14,166,3,5,7,0,13,28,1,0,362,823
763,8,14,166,3,5,7,0,13,28,1,0,362,823
764,8,14,166,3,5,7,0,13,28,1,0,362,823
765,9,14,166,4,5,7,0,13,28,1,0,362,823
766,9,14,166,4,5,7,0,13,28,1,0,362,823
767,9,14,166,4,5,7,0,13,28,1,0,362,823
768,9,14,166,4,5,7,0,13,28,1,0,362,823
769,9,14,166,4,5,7,0,13,28,1,0,362,823
770,9,14,166,4,5,7,0,13,28,1,0,362,823
771,9,15,166,4,5,8,0,13,29,1,0,362,823
772,9,15,166,4,5,8,0,13,29,1,0,362,823
773,9,15,166,4,5,8,0,13,29,1,0,362,823
774,9,16,166,4,5,9,0,13,30,1,0,362,823
775,9,16,166,4,5,9,0,13,30,1,0,362,823
776,9,16,166,4,5,9,0,13,30,1,0,362,823
777,9,17,166,4,5,10,0,13,31,1,0,362,823
778,9,17,166,4,5,10,0,13,31,1,0,362,823
779,9,17,166,4,5,10,0,13,31,1,0,362,823
780,9,17,166,4,5,10,0,13,31,1,0,362,823
781,9,17,166,4,5,10,0,13,31,1,0,362,823
782,9,17,166,4,5,10,0,13,31,1,0,362,823
783,9,17,166,4,5,10,0,13,31,1,0,362,823
784,9,17,166,4,5,10,0,13,31,1,0,362,823
785,9,17,166,4,5,10,0,13,31,1,0,362,823
786,9,17,166,4,5,10,0,13,31,1,0,362,823
787,9,17,166,4,5,10,0,13,31,1,0,362,823
788,9,19,166,4,5,12,0,13,33,1,0,362,823
789,9,19,166,4,5,12,0,13,33,1,0,362,823
790,9,19,166,4,5,12,0,13,33,1,0,362,823
791,9,19,166,4,5,12,0,13,33,1,0,362,823
792,9,19,166,4,5,12,0,13,33,1,0,362,823
793,9,19,166,4,5,12,0,13,33,1,0,362,823
794,9,19,166,4,5,12,0,13,33,1,0,362,823
795,9,19,166,4,5,12,0,13,33,1,0,362,823
796,9,19,166,4,5,12,0,13,33,1,0,362,823
797,9,19,166,4,5,12,1,13,33,2,0,362,823
798,9,19,166,4,5,12,1,13,33,2,0,362,823
799,9,19,166,4,5,12,1,13,33,2,0,362,823
800,10,19,166,5,5,12,1,13,33,2,0,362,823
801,11,19,166,6,5,12,1,13,33,2,0,362,823
802,11,19,166,6,5,12,1,13,33,2,0,362,823
803,11,19,166,6,5,12,1,13,33,2,0,362,823
804,11,19,166,6,5,12,1,13,33,2,0,362,823
805,11,19,166,6,5,12,1,13,33,2,0,362,823
806,11,19,166,6,5,12,1,13,33,2,0,362,823
807,11,19,166,6,5,12,1,13,33,2,0,362,823
808,11,19,166,6,5,12,1,13,33,2,0,362,823
809,11,20,166,6,5,13,1,13,34,2,0,362,823
810,11,20,166,6,5,13,1,13,34,2,0,362,823
811,11,20,166,6,5,13,1,13,34,2,0,362,823
812,11,20,166,6,5,13,1,13,34,2,0,362,823
813,11,20,166,6,5,13,1,13,34,2,0,362,823
814,11,20,166,6,5,13,1,13,34,2,0,362,823
815,11,20,166,6,5,13,1,13,34,2,0,362,823
816,11,20,166,6,5,13,1,13,34,2,0,362,823
817,11,20,166,6,5,13,1,13,34,2,0,362,823
818,10,20,165,5,5,13,1,14,34,2,0,362,823
819,10,20,165,5,5,13,1,14,34,2,0,362,823
820,12,21,165,5,7,14,1,14,35,2,0,362,823
821,12,21,165,5,7,14,1,14,35,2,0,362,823
822,12,21,165,5,7,14,1,14,35,2,0,362,823
823,12,21,165,5,7,14,1,14,35,2,0,362,823
824,11,20,165,5,6,13,1,14,35,2,0,362,823
825,11,20,165,5,6,13,1,14,35,2,0,362,823
826,11,20,165,5,6,13,1,14,35,2,0,362,823
827,11,20,165,5,6,13,1,14,35,2,0,362,823
828,11,20,165,5,6,13,1,14,35,2,0,362,823
829,9,18,165,4,5,12,1,14,35,2,0,362,823
830,9,18,165,4,5,12,1,14,35,2,0,362,823
831,9,18,165,4,5,12,1,14,35,2,0,362,823
832,9,18,165,4,5,12,1,14,35,2,0,362,823
833,9,18,165,4,5,12,1,14,35,2,0,362,823
834,9,18,165,4,5,12,1,14,35,2,0,362,823
835,9,18,165,4,5,12,1,14,35,2,0,362,823
836,10,18,165,5,5,12,1,14,35,2,0,362,823
837,9,17,165,4,5,12,1,14,35,2,0,362,823
838,9,17,165,4,5,12,1,14,35,2,0,362,823
839,9,17,165,4,5,12,1,14,35,2,0,362,823
840,8,16,165,4,4,11,1,14,35,2,0,362,823
841,4,6,164,4,0,0,1,15,35,2,0,420,966
842,4,6,164,4,0,0,1,15,35,2,0,420,966
843,4,6,164,4,0,0,1,15,35,2,0,420,966
844,4,6,164,4,0,0,1,15,35,2,0,420,966
845,4,6,164,4,0,0,1,15,35,2,0,420,966
846,4,6,164,4,0,0,1,15,35,2,0,420,966
847,4,6,164,4,0,0,1,15,35,2,0,420,966
848,4,6,164,4,0,0,1,15,35,2,0,420,966
849,4,6,164,4,0,0,1,15,35,2,0,420,966
850,4,6,164,4,0,0,1,15,35,2,0,420,966
851,4,6,164,4,0,0,1,15,35,2,0,420,966
852,4,6,164,4,0,0,1,15,35,2,0,420,966
853,4,6,164,4,0,0,1,15,35,2,0,420,966
854,4,6,164,4,0,0,1,15,35,2,0,420,966
855,4,6,164,4,0,0,1,15,35,2,0,420,966
856,4,6,164,4,0,0,1,15,35,2,0,420,966
857,5,7,164,4,1,1,1,15,36,2,0,420,966
858,5,7,164,4,1,1,1,15,36,2,0,420,966
859,5,7,164,4,1,1,1,15,36,2,0,420,966
860,4,7,164,3,1,1,1,16,36,2,0,420,966
861,5,7,164,4,1,1,1,16,36,2,0,420,966
862,5,7,164,4,1,1,1,16,36,2,0,420,966
863,5,7,164,4,1,1,1,16,36,2,0,420,966
864,5,7,164,4,1,1,1,16,36,2,0,420,966
865,5,7,164,4,1,1,1,16,36,2,0,420,966
866,5,7,164,4,1,1,1,16,36,2,0,420,966
867,6,7,164,5,1,1,1,16,36,2,0,420,966
868,6,7,164,5,1,1,1,16,36,2,0,420,966
869,6,7,164,5,1,1,1,16,36,2,0,420,966
870,6,7,164,5,1,1,1,16,36,2,0,420,966
871,6,7,164,5,1,1,1,16,36,2,0,420,966
872,6,7,164,5,1,1,1,16,36,2,0,420,966
873,6,7,164,5,1,1,1,16,36,2,0,420,966
874,6,7,164,5,1,1,1,16,36,2,0,420,966
875,6,7,164,5,1,1,1,16,36,2,0,420,966
876,6,7,164,5,1,1,1,16,36,2,0,420,966
877,6,7,164,5,1,1,1,16,36,2,0,420,966
878,6,7,164,5,1,1,1,16,36,2,0,420,966
879,6,7,164,5,1,1,1,16,36,2,0,420,966
880,6,7,164,5,1,1,1,16,36,2,0,420,966
881,6,8,164,5,1,1,1,17,36,2,0,420,966
882,7,8,164,6,1,1,1,17,36,2,0,420,966
883,7,8,164,6,1,1,1,17,36,2,0,420,966
884,7,9,163,6,1,1,1,18,36,2,0,420,966
885,8,10,163,6,2,2,1,18,37,2,0,420,966
886,8,10,163,6,2,2,1,18,37,2,0,420,966
887,8,10,163,6,2,2,1,18,37,2,0,420,966
888,10,12,163,6,4,4,1,18,39,2,0,420,966
889,10,12,163,6,4,4,1,18,39,2,0,420,966
890,10,12,163,6,4,4,1,18,39,2,0,420,966
891,10,12,163,6,4,4,1,18,39,2,0,420,966
892,10,12,163,6,4,4,1,18,39,2,0,420,966
893,10,12,163,6,4,4,1,18,39,2,0,420,966
894,10,12,163,6,4,4,1,18,39,2,0,420,966
895,10,12,163,6,4,4,1,18,39,2,0,420,966
896,10,13,162,6,4,4,1,19,39,2,0,420,966
897,10,13,162,6,4,4,1,19,39,2,0,420,966
898,10,13,162,6,4,4,1,19,39,2,0,420,966
899,10,13,162,6,4,4,1,19,39,2,0,420,966
900,10,13,162,6,4,4,1,19,39,2,0,420,966
901,10,13,162,6,4,4,1,19,39,2,0,420,966
902,10,13,162,6,4,4,1,19,39,2,0,420,966
903,10,13,162,6,4,4,1,19,39,2,0,420,966
904,10,14,162,6,4,5,1,19,40,2,0,420,966
905,10,14,162,6,4,5,1,19,40,2,0,420,966
906,10,14,162,6,4,5,1,19,40,2,0,420,966
907,10,14,162,6,4,5,1,19,40,2,0,420,966
908,10,14,162,6,4,5,1,19,40,2,0,420,966
909,10,14,162,6,4,5,1,19,40,2,0,420,966
910,10,14,162,6,4,5,1,19,40,2,0,420,966
911,10,14,162,6,4,5,1,19,40,2,0,420,966
912,11,15,162,6,5,6,1,19,41,2,0,420,966
913,11,15,162,6,5,6,1,19,41,2,0,420,966
914,11,15,162,6,5,6,1,19,41,2,0,420,966
915,11,15,162,6,5,6,1,19,41,2,0,420,966
916,11,15,162,6,5,6,1,19,41,2,0,420,966
917,11,15,162,6,5,6,1,19,41,2,0,420,966
918,11,15,162,6,5,6,1,19,41,2,0,420,966
919,11,15,162,6,5,6,1,19,41,2,0,420,966
920,11,15,162,6,5,6,1,19,41,2,0,420,966
921,11,15,162,6,5,6,1,19,41,2,0,420,966
922,11,15,162,6,5,6,1,19,41,2,0,420,966
923,11,15,162,6,5,6,1,19,41,2,0,420,966
924,11,15,162,6,5,6,1,19,41,2,0,420,966
925,11,15,162,6,5,6,1,19,41,2,0,420,966
926,11,15,162,6,5,6,1,19,41,2,0,420,966
927,11,15,162,6,5,6,1,19,41,2,0,420,966
928,11,16,162,6,5,6,1,20,41,2,0,420,966
929,12,16,162,7,5,6,1,20,41,2,0,420,966
930,12,16,162,7,5,6,1,20,41,2,0,420,966
931,12,16,162,7,5,6,1,20,41,2,0,420,966
932,12,17,161,7,5,6,1,21,41,2,0,420,966
933,12,17,161,7,5,6,1,21,41,2,0,420,966
934,12,17,161,7,5,6,1,21,41,2,0,420,966
935,12,17,161,7,5,6,1,21,41,2,0,420,966
936,12,17,161,7,5,6,1,21,41,2,0,420,966
937,12,17,161,7,5,6,1,21,41,2,0,420,966
938,12,17,161,7,5,6,1,21,41,2,0,420,966
939,12,17,161,7,5,6,1,21,41,2,0,420,966
940,12,17,161,7,5,6,1,21,41,2,0,420,966
941,12,17,161,7,5,6,1,21,41,2,0,420,966
942,12,17,161,7,5,6,1,21,41,2,0,420,966
943,12,17,161,7,5,6,1,21,41,2,0,420,966
944,11,16,161,6,5,6,1,21,41,2,0,420,966
945,10,16,160,5,5,6,1,22,41,2,0,420,966
946,10,16,160,5,5,6,1,22,41,2,0,420,966
947,10,16,160,5,5,6,1,22,41,2,0,420,966
948,10,16,160,5,5,6,1,22,41,2,0,420,966
949,10,16,160,5,5,6,1,22,41,2,0,420,966
950,10,16,160,5,5,6,1,22,41,2,0,420,966
951,10,16,160,5,5,6,1,22,41,2,0,420,966
952,11,16,160,5,6,6,1,22,41,2,0,420,966
953,11,17,160,5,6,6,1,23,41,2,0,420,966
954,12,17,160,6,6,6,1,23,41,2,0,420,966
955,12,17,160,6,6,6,1,23,41,2,0,420,966
956,13,18,160,6,7,7,1,23,42,2,0,420,966
957,13,18,160,6,7,7,1,23,42,2,0,420,966
958,13,18,160,6,7,7,1,23,42,2,0,420,966
959,13,18,160,6,7,7,1,23,42,2,0,420,966
960,14,19,160,6,8,8,1,23,43,2,0,420,966
961,14,19,160,6,8,8,1,23,43,2,0,420,966
962,14,19,160,6,8,8,1,23,43,2,0,420,966
963,14,19,160,6,8,8,1,23,43,2,0,420,966
964,15,20,160,6,9,9,1,23,44,2,0,420,966
965,15,20,160,6,9,9,1,23,44,2,0,420,966
966,15,20,160,6,9,9,1,23,44,2,0,420,966
967,15,20,160,6,9,9,1,23,44,2,0,420,966
968,14,19,160,5,9,9,1,23,44,2,0,420,966
969,14,19,160,5,9,9,1,23,44,2,0,420,966
970,14,19,160,5,9,9,1,23,44,2,0,420,966
971,14,19,160,5,9,9,1,23,44,2,0,420,966
972,14,19,160,5,9,9,1,23,44,2,0,420,966
973,14,19,160,5,9,9,1,23,44,2,0,420,966
974,14,19,160,5,9,9,1,23,44,2,0,420,966
975,14,19,160,5,9,9,1,23,44,2,0,420,966
976,14,19,160,5,9,9,1,23,44,2,0,420,966
977,15,21,160,5,10,10,1,24,45,2,0,420,966
978,16,21,160,6,10,10,1,24,45,2,0,420,966
979,16,22,160,6,10,11,1,24,46,2,0,420,966
980,16,22,160,6,10,11,1,24,46,2,0,420,966
981,17,22,160,7,10,11,1,24,46,2,0,420,966
982,17,22,160,7,10,11,1,24,46,2,0,420,966
983,17,22,160,7,10,11,1,24,46,2,0,420,966
984,17,22,160,7,10,11,1,24,46,2,0,420,966
985,17,23,160,7,10,11,1,25,46,2,0,420,966
986,18,23,160,8,10,11,1,25,46,2,0,420,966
987,18,23,160,8,10,11,1,25,46,2,0,420,966
988,18,25,159,8,10,11,1,27,46,2,0,420,966
989,18,25,159,8,10,11,1,27,46,2,0,420,966
990,18,25,159,8,10,11,1,27,46,2,0,420,966
991,18,25,159,8,10,11,1,27,46,2,0,420,966
992,18,25,159,8,10,11,1,27,46,2,0,420,966
993,18,25,159,8,10,11,1,27,46,2,0,420,966
994,18,26,158,8,10,11,1,28,46,2,0,420,966
995,18,26,158,8,10,11,1,28,46,2,0,420,966
996,18,26,158,8,10,11,1,28,46,2,0,420,966
997,18,26,158,8,10,11,1,28,46,2,0,420,966
998,18,26,158,8,10,11,1,28,46,2,0,420,966
999,18,26,158,8,10,11,1,28,46,2,0,420,966
1000,18,26,158,8,10,11,1,28,46,2,0,420,966
1001,18,26,158,8,10,11,1,28,46,2,0,420,966
1002,18,27,158,8,10,11,1,29,46,2,0,420,966
1003,19,28,158,9,10,11,1,30,46,2,0,420,966
1004,19,29,158,9,10,12,1,30,47,2,0,420,966
1005,19,29,158,9,10,12,1,30,47,2,0,420,966
1006,19,29,158,9,10,12,1,30,47,2,0,420,966
1007,19,29,158,9,10,12,1,30,47,2,0,420,966
1008,19,29,158,9,10,12,1,30,47,2,0,420,966
1009,9,17,158,9,0,0,1,30,47,2,0,479,1097
1010,9,17,158,9,0,0,1,30,47,2,0,480,1097
1011,9,17,158,9,0,0,1,30,47,2,0,481,1097
1012,9,17,158,9,0,0,1,30,47,2,0,482,1097
1013,9,17,158,9,0,0,0,30,47,2,0,483,1097
1014,9,17,158,9,0,0,0,30,47,2,0,484,1097
1015,9,17,157,9,0,0,0,31,47,2,0,485,1097
1016,9,17,157,9,0,0,0,31,47,2,0,486,1097
1017,10,17,157,10,0,0,0,31,47,2,0,487,1097
1018,10,17,157,10,0,0,0,31,47,2,0,488,1097
1019,10,17,157,10,0,0,0,31,47,2,0,489,1097
1020,10,17,157,10,0,0,0,31,47,2,0,490,1097
1021,10,17,157,10,0,0,0,31,47,2,0,491,1097
1022,10,17,157,10,0,0,0,31,47,2,0,492,1097
1023,9,16,157,9,0,0,0,31,47,2,0,493,1097
1024,9,17,156,9,0,0,0,32,47,2,0,494,1097
1025,9,17,156,9,0,0,0,32,47,2,0,495,1097
1026,9,17,156,9,0,0,0,32,47,2,0,496,1097
1027,9,17,156,9,0,0,0,32,47,2,0,497,1097
1028,9,17,156,9,0,0,0,32,47,2,0,498,1097
1029,9,17,156,9,0,0,0,32,47,2,0,499,1097
1030,9,18,155,9,0,0,0,33,47,2,0,500,1097
1031,9,18,155,9,0,0,0,33,47,2,0,501,1097
1032,9,18,155,9,0,0,0,33,47,2,0,502,1097
1033,9,18,155,9,0,0,0,33,47,2,0,503,1097
1034,9,18,155,9,0,0,0,33,47,2,0,504,1097
1035,9,18,155,9,0,0,0,33,47,2,0,505,1097
1036,9,18,155,9,0,0,0,33,47,2,0,506,1097
1037,9,18,155,9,0,0,0,33,47,2,0,507,1097
1038,9,18,155,9,0,0,0,33,47,2,0,508,1097
1039,9,18,155,9,0,0,0,33,47,2,0,509,1097
1040,9,18,155,9,0,0,0,33,47,2,0,510,1097
1041,8,17,155,8,0,0,0,33,47,2,0,511,1097
1042,8,17,155,8,0,0,0,33,47,2,0,512,1097
1043,8,17,155,8,0,0,0,33,47,2,0,513,1097
1044,8,17,155,8,0,0,0,33,47,2,0,514,1097
1045,8,17,155,8,0,0,0,33,47,2,0,515,1097
1046,8,17,155,8,0,0,0,33,47,2,0,516,1097
1047,8,17,155,8,0,0,0,33,47,2,0,517,1097
1048,8,17,155,8,0,0,0,33,47,2,0,518,1097
1049,8,17,155,8,0,0,0,33,47,2,0,519,1097
1050,8,17,155,8,0,0,0,33,47,2,0,520,1097
1051,8,17,155,8,0,0,0,33,47,2,0,521,1097
1052,8,17,155,8,0,0,0,33,47,2,0,522,1097
1053,8,17,155,8,0,0,0,33,47,2,0,523,1097
1054,8,17,155,8,0,0,0,33,47,2,0,524,1097
1055,8,17,155,8,0,0,0,33,47,2,0,525,1097
1056,8,17,155,8,0,0,0,33,47,2,0,526,1097
1057,8,17,155,8,0,0,0,33,47,2,0,527,1097
1058,9,17,155,9,0,0,0,33,47,2,0,528,1097
1059,9,17,155,9,0,0,0,33,47,2,0,529,1097
1060,9,17,155,9,0,0,0,33,47,2,0,530,1097
1061,10,17,155,10,0,0,0,33,47,2,0,531,1097
1062,9,16,155,9,0,0,0,33,47,2,0,532,1097
1063,9,16,155,9,0,0,0,33,47,2,0,533,1097
1064,9,16,155,9,0,0,0,33,47,2,0,534,1097
1065,9,16,155,9,0,0,0,33,47,2,0,535,1097
1066,9,16,155,9,0,0,0,33,47,2,0,536,1097
1067,9,16,155,9,0,0,0,33,47,2,0,537,1097
1068,9,16,155,9,0,0,0,33,47,2,0,538,1097
1069,9,16,155,9,0,0,0,33,47,2,0,539,1097
1070,9,16,155,9,0,0,0,33,47,2,0,540,1097
1071,9,16,155,9,0,0,0,33,47,2,0,541,1097
1072,10,16,155,10,0,0,0,33,47,2,0,542,1097
1073,10,16,155,10,0,0,0,33,47,2,0,543,1097
1074,10,16,155,10,0,0,0,33,47,2,0,544,1097
1075,10,16,155,10,0,0,0,33,47,2,0,545,1097
1076,10,16,155,10,0,0,0,33,47,2,0,546,1097
1077,10,16,155,10,0,0,0,33,47,2,0,547,1097
1078,10,16,155,10,0,0,0,33,47,2,0,548,1097
1079,10,16,155,10,0,0,0,33,47,2,0,549,1097
1080,10,16,155,10,0,0,0,33,47,2,0,550,1097
1081,10,17,154,10,0,0,0,34,47,2,0,551,1097
1082,10,17,154,10,0,0,0,34,47,2,0,552,1097
1083,10,17,154,10,0,0,0,34,47,2,0,553,1097
1084,11,17,154,11,0,0,0,34,47,2,0,554,1097
1085,11,17,154,11,0,0,0,34,47,2,0,555,1097
1086,11,17,154,11,0,0,0,34,47,2,0,556,1097
1087,11,17,154,11,0,0,0,34,47,2,0,557,1097
1088,11,17,154,11,0,0,0,34,47,2,0,558,1097
1089,12,17,154,12,0,0,0,34,47,2,0,559,1097
1090,12,17,154,12,0,0,0,34,47,2,0,560,1097
1091,12,17,154,12,0,0,0,34,47,2,0,561,1097
1092,12,17,154,12,0,0,0,34,47,2,0,562,1097
1093,12,17,154,12,0,0,0,34,47,2,0,563,1097
1094,12,17,154,12,0,0,0,34,47,2,0,564,1097
1095,12,17,154,12,0,0,0,34,47,2,0,565,1097
1096,12,17,154,12,0,0,0,34,47,2,0,566,1097
1097,12,17,154,12,0,0,0,34,47,2,0,567,1097
1098,12,17,154,12,0,0,0,34,47,2,0,568,1097
1099,12,17,154,12,0,0,0,34,47,2,0,569,1097
1100,12,17,154,12,0,0,0,34,47,2,0,570,1097
1101,13,17,154,13,0,0,0,34,47,2,0,571,1097
1102,14,17,154,14,0,0,0,34,47,2,0,572,1097
1103,14,17,154,14,0,0,0,34,47,2,0,573,1097
1104,15,18,154,14,1,1,0,34,48,2,0,574,1097
1105,15,18,154,14,1,1,0,34,48,2,0,575,1097
1106,15,18,154,14,1,1,0,34,48,2,0,576,1097
1107,15,18,154,14,1,1,0,34,48,2,0,577,1097
1108,15,18,154,14,1,1,0,34,48,2,0,578,1097
1109,14,17,154,13,1,1,0,34,48,2,0,579,1097
1110,14,17,154,13,1,1,0,34,48,2,0,580,1097
1111,14,17,154,13,1,1,0,34,48,2,0,581,1097
1112,14,17,154,13,1,1,0,34,48,2,0,582,1097
1113,14,17,153,13,1,1,0,35,48,2,0,583,1097
1114,15,17,153,14,1,1,0,35,48,2,0,584,1097
1115,15,17,153,14,1,1,0,35,48,2,0,585,1097
1116,15,17,153,14,1,1,0,35,48,2,0,586,1097
1117,15,18,152,14,1,1,0,36,48,2,0,587,1097
1118,15,18,152,14,1,1,0,36,48,2,0,588,1097
1119,15,18,152,14,1,1,0,36,48,2,0,589,1097
1120,16,19,152,14,2,2,0,36,49,2,0,590,1097
1121,16,19,152,14,2,2,0,36,49,2,0,591,1097
1122,16,19,152,14,2,2,0,36,49,2,0,592,1097
1123,16,19,152,14,2,2,0,36,49,2,0,593,1097
1124,17,19,152,15,2,2,0,36,49,2,0,594,1097
1125,17,19,152,15,2,2,0,36,49,2,0,595,1097
1126,17,19,152,15,2,2,1,36,49,3,0,596,1097
1127,17,19,152,15,2,2,1,36,49,3,0,597,1097
1128,18,20,152,15,3,3,1,36,50,3,0,598,1097
1129,19,21,152,16,3,3,1,37,50,3,0,599,1097
1130,19,20,152,16,3,3,1,37,50,3,0,600,1097
1131,19,20,152,16,3,3,1,37,50,3,0,601,1097
1132,19,20,152,16,3,3,1,37,50,3,0,602,1097
1133,19,20,152,16,3,3,2,37,50,4,0,603,1097
1134,18,19,152,15,3,3,2,37,50,4,0,604,1097
1135,18,19,152,15,3,3,2,37,50,4,0,605,1097
1136,18,19,152,15,3,3,2,37,50,4,0,606,1097
1137,17,18,152,14,3,3,2,37,50,4,0,607,1097
1138,17,18,152,14,3,3,2,37,50,4,0,608,1097
1139,17,18,152,14,3,3,2,37,50,4,0,609,1097
1140,17,18,152,14,3,3,2,37,50,4,0,610,1097
1141,17,18,152,14,3,3,2,37,50,4,0,611,1097
1142,17,18,152,14,3,3,2,37,50,4,0,612,1097
1143,17,19,151,14,3,3,2,38,50,4,0,613,1097
1144,18,20,151,14,4,4,2,38,51,4,0,614,1097
1145,18,20,151,14,4,4,2,38,51,4,0,615,1097
1146,18,20,151,14,4,4,2,38,51,4,0,616,1097
1147,18,20,151,14,4,4,2,38,51,4,0,617,1097
1148,18,20,151,14,4,4,2,38,51,4,0,618,1097
1149,18,20,151,14,4,4,2,38,51,4,0,619,1097
1150,18,20,151,14,4,4,2,38,51,4,0,620,1097
1151,18,20,151,14,4,4,2,38,51,4,0,621,1097
1152,18,20,151,14,4,4,2,38,51,4,0,622,1097
1153,18,20,151,14,4,4,2,38,51,4,0,623,1097
1154,18,21,151,14,4,4,2,39,51,4,0,624,1097
1155,19,21,151,15,4,4,2,39,51,4,0,625,1097
1156,19,21,151,15,4,4,2,39,51,4,0,626,1097
1157,19,21,151,15,4,4,2,39,51,4,0,627,1097
1158,18,20,151,14,4,4,2,39,51,4,0,628,1097
1159,18,20,151,14,4,4,2,39,51,4,0,629,1097
1160,18,20,151,14,4,4,2,39,51,4,0,630,1097
1161,17,19,151,13,4,4,2,39,51,4,0,631,1097
1162,17,19,151,13,4,4,2,39,51,4,0,632,1097
1163,17,19,151,13,4,4,2,39,51,4,0,633,1097
1164,17,19,151,13,4,4,2,39,51,4,0,634,1097
1165,17,19,151,13,4,4,2,39,51,4,0,635,1097
1166,17,18,151,13,4,4,2,39,51,4,0,636,1097
1167,17,18,151,13,4,4,2,39,51,4,0,637,1097
1168,17,18,151,13,4,4,2,39,51,4,0,638,1097
1169,17,18,151,13,4,4,2,39,51,4,0,639,1097
1170,17,18,151,13,4,4,2,39,51,4,0,640,1097
1171,17,18,151,13,4,4,2,39,51,4,0,641,1097
1172,17,18,151,13,4,4,2,39,51,4,0,642,1097
1173,15,16,151,11,4,4,2,39,51,4,0,643,1097
1174,15,16,151,11,4,4,2,39,51,4,0,644,1097
1175,15,16,151,11,4,4,2,39,51,4,0,645,1097
1176,15,17,151,11,4,4,2,40,51,4,0,646,1097
1177,13,15,150,12,1,1,2,41,51,4,0,705,1225
1178,13,15,150,12,1,1,3,41,51,5,0,706,1225
1179,13,15,150,12,1,1,3,41,51,5,0,707,1225
1180,13,15,150,12,1,1,3,41,51,5,0,708,1225
1181,13,15,150,12,1,1,3,41,51,5,0,709,1225
1182,13,15,150,12,1,1,3,41,51,5,0,710,1225
1183,12,14,150,11,1,1,3,41,51,5,0,711,1225
1184,12,14,150,11,1,1,3,41,51,5,0,712,1225
1185,12,14,150,11,1,1,3,41,51,5,0,713,1225
1186,12,14,150,11,1,1,3,41,51,5,0,714,1225
1187,12,14,150,11,1,1,3,41,51,5,0,715,1225
1188,12,14,150,11,1,1,3,41,51,5,0,716,1225
1189,12,14,150,11,1,1,3,41,51,5,0,717,1225
1190,12,14,150,11,1,1,3,41,51,5,0,718,1225
1191,12,14,150,11,1,1,3,41,51,5,0,719,1225
1192,12,14,150,11,1,1,3,41,51,5,0,720,1225
1193,12,14,150,11,1,1,3,41,51,5,0,721,1225
1194,12,14,150,11,1,1,3,41,51,5,0,722,1225
1195,12,14,150,11,1,1,3,41,51,5,0,723,1225
1196,12,14,150,11,1,1,3,41,51,5,0,724,1225
1197,12,14,150,11,1,1,3,41,51,5,0,725,1225
1198,13,15,150,11,2,2,3,41,52,5,0,726,1225
1199,13,15,150,11,2,2,3,41,52,5,0,727,1225
1200,13,15,150,11,2,2,3,41,52,5,0,728,1225
1201,13,15,150,11,2,2,3,41,52,5,0,729,1225
1202,13,15,150,11,2,2,3,41,52,5,0,730,1225
1203,13,15,150,11,2,2,3,41,52,5,0,731,1225
1204,13,15,150,11,2,2,3,41,52,5,0,732,1225
1205,12,14,150,10,2,2,2,41,52,5,0,733,1225
1206,13,15,150,10,3,3,2,41,53,5,0,734,1225
1207,13,15,150,10,3,3,2,41,53,5,0,735,1225
1208,13,15,150,10,3,3,2,41,53,5,0,736,1225
1209,13,16,149,10,3,3,2,42,53,5,0,737,1225
1210,13,16,149,10,3,3,2,42,53,5,0,738,1225
1211,13,16,149,10,3,3,2,42,53,5,0,739,1225
1212,13,17,148,10,3,3,2,43,53,5,0,740,1225
1213,13,17,148,10,3,3,2,43,53,5,0,741,1225
1214,13,17,148,10,3,3,2,43,53,5,0,742,1225
1215,13,17,148,10,3,3,2,43,53,5,0,743,1225
1216,12,16,148,9,3,3,2,43,53,5,0,744,1225
1217,12,16,148,9,3,3,2,43,53,5,0,745,1225
1218,12,16,148,9,3,3,2,43,53,5,0,746,1225
1219,12,16,148,9,3,3,2,43,53,5,0,746,1225
1220,12,16,148,9,3,3,3,43,53,6,0,747,1225
1221,12,16,148,9,3,3,3,43,53,6,0,748,1225
1222,12,16,148,9,3,3,3,43,53,6,0,749,1225
1223,12,16,148,9,3,3,3,43,53,6,0,750,1225
1224,12,16,148,9,3,3,3,43,53,6,0,750,1225
1225,13,16,148,10,3,3,3,43,53,6,0,750,1225
1226,13,16,148,10,3,3,3,43,53,6,0,751,1225
1227,13,16,148,10,3,3,3,43,53,6,0,752,1225
1228,12,15,148,9,3,3,3,43,53,6,0,752,1225
1229,12,15,148,9,3,3,3,43,53,6,0,753,1225
1230,12,15,148,9,3,3,3,43,53,6,0,754,1225
1231,12,15,148,9,3,3,3,43,53,6,0,755,1225
1232,12,15,148,9,3,3,3,43,53,6,0,756,1225
1233,12,15,148,9,3,3,3,43,53,6,0,757,1225
1234,11,14,148,8,3,3,3,43,53,6,0,757,1225
1235,11,14,148,8,3,3,3,43,53,6,0,758,1225
1236,11,14,148,8,3,3,3,43,53,6,0,759,1225
1237,11,14,148,8,3,3,3,43,53,6,0,759,1225
1238,11,14,148,8,3,3,3,43,53,6,0,760,1225
1239,11,14,148,8,3,3,3,43,53,6,0,761,1225
1240,11,14,148,8,3,3,3,43,53,6,0,762,1225
1241,11,14,148,8,3,3,3,43,53,6,0,762,1225
1242,12,15,148,8,4,4,3,43,54,6,0,763,1225
1243,12,16,148,8,4,5,3,43,55,6,0,764,1225
1244,11,15,148,7,4,5,3,43,55,6,0,764,1225
1245,11,15,148,7,4,5,3,43,55,6,0,764,1225
1246,10,14,148,6,4,5,3,43,55,6,0,764,1225
1247,10,14,148,6,4,5,3,43,55,6,0,765,1225
1248,10,14,148,6,4,5,3,43,55,6,0,766,1225
1249,10,14,148,6,4,5,3,43,55,6,0,766,1225
1250,10,14,148,6,4,5,3,43,55,6,0,766,1225
1251,10,14,148,6,4,5,3,43,55,6,0,767,1225
1252,10,14,148,6,4,5,3,43,55,6,0,767,1225
1253,10,14,148,6,4,5,3,43,55,6,0,767,1225
1254,10,14,148,6,4,5,3,43,55,6,0,767,1225
1255,10,14,148,6,4,5,3,43,55,6,0,767,1225
1256,10,14,148,6,4,5,3,43,55,6,0,768,1225
1257,10,14,148,6,4,5,3,43,55,6,0,769,1225
1258,10,14,148,6,4,5,3,43,55,6,0,769,1225
1259,10,14,148,6,4,5,3,43,55,6,0,769,1225
1260,10,14,148,6,4,5,3,43,55,6,0,769,1225
1261,10,14,148,6,4,5,3,43,55,6,0,769,1225
1262,10,14,148,6,4,5,3,43,55,6,0,770,1225
1263,10,14,148,6,4,5,3,43,55,6,0,770,1225
1264,10,14,148,6,4,5,3,43,55,6,0,770,1225
1265,10,14,148,6,4,5,3,43,55,6,0,771,1225
1266,10,14,148,6,4,5,3,43,55,6,0,772,1225
1267,10,14,148,6,4,5,3,43,55,6,0,773,1225
1268,11,15,148,6,5,6,3,43,56,6,0,773,1225
1269,11,15,148,6,5,6,3,43,56,6,0,773,1225
1270,11,15,148,6,5,6,2,43,56,6,0,773,1225
1271,11,15,148,6,5,6,2,43,56,6,0,774,1225
1272,11,15,148,6,5,6,2,43,56,6,0,775,1225
1273,11,15,148,6,5,6,2,43,56,6,0,776,1225
1274,11,15,148,6,5,6,2,43,56,6,0,777,1225
1275,11,15,148,6,5,6,2,43,56,6,0,778,1225
1276,11,15,148,6,5,6,2,43,56,6,0,778,1225
1277,11,15,148,6,5,6,2,43,56,6,0,779,1225
1278,11,15,148,6,5,6,2,43,56,6,0,779,1225
1279,11,15,148,6,5,6,2,43,56,6,0,780,1225
1280,11,15,148,6,5,6,2,43,56,6,0,780,1225
1281,12,15,148,7,5,6,2,43,56,6,0,781,1225
1282,12,15,148,7,5,6,2,43,56,6,0,782,1225
1283,12,15,148,7,5,6,2,43,56,6,0,783,1225
1284,13,15,148,8,5,6,2,43,56,6,0,784,1225
1285,12,14,148,7,5,6,2,43,56,6,0,784,1225
1286,12,14,148,7,5,6,2,43,56,6,0,784,1225
1287,12,14,148,7,5,6,2,43,56,6,0,784,1225
1288,12,14,148,7,5,6,2,43,56,6,0,784,1225
1289,12,14,148,7,5,6,2,43,56,6,0,784,1225
1290,12,14,148,7,5,6,2,43,56,6,0,784,1225
1291,12,14,148,7,5,6,2,43,56,6,0,784,1225
1292,12,14,148,7,5,6,2,43,56,6,0,784,1225
1293,12,15,148,7,5,6,2,44,56,6,0,784,1225
1294,13,16,148,8,5,7,2,44,57,6,0,784,1225
1295,13,16,148,8,5,7,2,44,57,6,0,784,1225
1296,13,16,148,8,5,7,2,44,57,6,0,784,1225
1297,13,17,147,8,5,7,2,45,57,6,0,784,1225
1298,13,17,147,8,5,7,2,45,57,6,0,784,1225
1299,13,17,147,8,5,7,2,45,57,6,0,784,1225
1300,12,16,147,8,4,6,2,45,57,6,0,784,1225
1301,12,16,147,8,4,6,2,45,57,6,0,784,1225
1302,12,17,147,8,4,7,2,45,58,6,0,784,1225
1303,12,17,147,8,4,7,2,45,58,6,0,784,1225
1304,12,17,147,8,4,7,2,45,58,6,0,784,1225
1305,12,17,147,8,4,7,2,45,58,6,0,784,1225
1306,12,17,147,8,4,7,2,45,58,6,0,784,1225
1307,12,17,147,8,4,7,2,45,58,6,0,784,1225
1308,12,17,147,8,4,7,2,45,58,6,0,784,1225
1309,12,17,147,8,4,7,2,45,58,6,0,784,1225
1310,11,16,147,7,4,7,2,45,58,6,0,784,1225
1311,11,16,147,7,4,7,2,45,58,6,0,784,1225
1312,11,16,147,7,4,7,2,45,58,6,0,784,1225
1313,11,16,147,7,4,7,2,45,58,6,0,784,1225
1314,11,16,147,7,4,7,2,45,58,6,0,784,1225
1315,11,16,147,7,4,7,2,45,58,6,0,784,1225
1316,11,17,146,7,4,7,2,46,58,6,0,784,1225
1317,11,17,146,7,4,7,2,46,58,6,0,784,1225
1318,11,17,146,7,4,7,2,46,58,6,0,784,1225
1319,11,17,146,7,4,7,2,46,58,6,0,784,1225
1320,12,18,146,7,5,8,2,46,59,6,0,784,1225
1321,12,18,146,7,5,8,2,46,59,6,0,784,1225
1322,11,17,146,6,5,8,1,46,59,6,0,784,1225
1323,11,17,145,6,5,8,1,47,59,6,0,784,1225
1324,11,17,145,6,5,8,1,47,59,6,0,784,1225
1325,11,17,145,6,5,8,1,47,59,6,0,784,1225
1326,11,17,145,6,5,8,1,47,59,6,0,784,1225
1327,11,17,145,6,5,8,1,47,59,6,0,784,1225
1328,11,17,145,6,5,8,1,47,59,6,0,784,1225
1329,11,17,145,6,5,8,1,47,59,6,0,784,1225
1330,11,18,144,6,5,8,1,48,59,6,0,784,1225
1331,11,18,144,6,5,8,1,48,59,6,0,784,1225
1332,11,18,144,6,5,8,1,48,59,6,0,784,1225
1333,11,18,144,6,5,8,1,48,59,6,0,784,1225
1334,11,18,144,6,5,8,1,48,59,6,0,784,1225
1335,10,17,144,5,5,8,1,48,59,6,0,784,1225
1336,10,17,144,5,5,8,1,48,59,6,0,784,1225
1337,10,17,144,5,5,8,1,48,59,6,0,784,1225
1338,10,17,144,5,5,8,1,48,59,6,0,784,1225
1339,10,17,144,5,5,8,1,48,59,6,0,784,1225
1340,10,18,144,5,5,8,0,49,59,6,1,784,1225
1341,11,18,144,6,5,8,0,49,59,6,1,784,1225
1342,11,18,144,6,5,8,0,49,59,6,1,784,1225
1343,11,18,144,6,5,8,0,49,59,6,1,784,1225
1344,11,18,144,6,5,8,0,49,59,6,1,784,1225
1345,7,11,144,6,1,1,0,49,59,6,1,843,1346
1346,7,11,144,6,1,1,0,49,59,6,1,844,1346
1347,7,11,144,6,1,1,0,49,59,6,1,845,1346
1348,7,11,144,6,1,1,0,49,59,6,1,846,1346
1349,7,11,144,6,1,1,0,49,59,6,1,847,1346
1350,7,11,144,6,1,1,0,49,59,6,1,848,1346
1351,7,11,144,6,1,1,0,49,59,6,1,849,1346
1352,7,11,144,6,1,1,0,49,59,6,1,850,1346
1353,8,12,144,6,2,2,0,49,60,6,1,850,1346
1354,8,12,144,6,2,2,0,49,60,6,1,851,1346
1355,8,13,144,6,2,3,0,49,61,6,1,852,1346
1356,8,13,144,6,2,3,0,49,61,6,1,853,1346
1357,7,12,144,5,2,3,0,49,61,6,1,854,1346
1358,7,12,144,5,2,3,0,49,61,6,1,855,1346
1359,8,12,144,6,2,3,0,49,61,6,1,856,1346
1360,8,12,144,6,2,3,0,49,61,6,1,857,1346
1361,8,12,144,6,2,3,0,49,61,6,1,858,1346
1362,8,12,144,6,2,3,0,49,61,6,1,859,1346
1363,8,12,144,6,2,3,0,49,61,6,1,860,1346
1364,8,12,144,6,2,3,0,49,61,6,1,861,1346
1365,8,12,144,6,2,3,0,49,61,6,1,862,1346
1366,8,12,144,6,2,3,0,49,61,6,1,863,1346
1367,8,12,144,6,2,3,0,49,61,6,1,864,1346
1368,8,12,144,6,2,3,0,49,61,6,1,865,1346
1369,8,12,144,6,2,3,0,49,61,6,1,866,1346
1370,8,12,144,6,2,3,0,49,61,6,1,867,1346
1371,8,12,144,6,2,3,0,49,61,6,1,868,1346
1372,8,12,144,6,2,3,0,49,61,6,1,869,1346
1373,8,12,144,6,2,3,0,49,61,6,1,870,1346
1374,8,12,144,6,2,3,0,49,61,6,1,871,1346
1375,8,12,144,6,2,3,0,49,61,6,1,871,1346
1376,8,12,144,6,2,3,0,49,61,6,1,872,1346
1377,8,12,144,6,2,3,0,49,61,6,1,873,1346
1378,8,12,144,6,2,3,0,49,61,6,1,874,1346
1379,8,12,144,6,2,3,0,49,61,6,1,875,1346
1380,8,12,144,6,2,3,0,49,61,6,1,876,1346
1381,7,11,144,5,2,3,0,49,61,6,1,877,1346
1382,7,11,144,5,2,3,0,49,61,6,1,878,1346
1383,7,11,144,5,2,3,0,49,61,6,1,879,1346
1384,7,11,144,5,2,3,0,49,61,6,1,880,1346
1385,7,11,144,5,2,3,0,49,61,6,1,881,1346
1386,7,11,144,5,2,3,0,49,61,6,1,881,1346
1387,7,11,144,5,2,3,0,49,61,6,1,882,1346
1388,7,11,144,5,2,3,0,49,61,6,1,883,1346
1389,7,11,144,5,2,3,0,49,61,6,1,884,1346
1390,8,12,144,5,3,4,0,49,62,6,1,885,1346
1391,8,12,144,5,3,4,0,49,62,6,1,886,1346
1392,8,12,144,5,3,4,0,49,62,6,1,887,1346
1393,8,12,144,5,3,4,0,49,62,6,1,888,1346
1394,9,12,144,6,3,4,0,49,62,6,1,889,1346
1395,9,12,144,6,3,4,0,49,62,6,1,890,1346
1396,9,12,144,6,3,4,0,49,62,6,1,891,1346
1397,9,12,144,6,3,4,0,49,62,6,1,892,1346
1398,9,12,144,6,3,4,0,49,62,6,1,893,1346
1399,9,12,144,6,3,4,0,49,62,6,1,894,1346
1400,10,13,144,6,4,5,0,49,63,6,1,895,1346
1401,10,13,144,6,4,5,0,49,63,6,1,895,1346
1402,10,13,144,6,4,5,0,49,63,6,1,896,1346
1403,10,13,144,6,4,5,0,49,63,6,1,897,1346
1404,10,13,144,6,4,5,0,49,63,6,1,897,1346
1405,10,14,144,6,4,5,0,50,63,6,1,898,1346
1406,11,14,144,7,4,5,0,50,63,6,1,899,1346
1407,11,14,144,7,4,5,0,50,63,6,1,900,1346
1408,11,15,144,7,4,5,0,51,63,6,1,901,1346
1409,12,15,144,8,4,5,0,51,63,6,1,902,1346
1410,12,15,144,8,4,5,0,51,63,6,1,903,1346
1411,12,15,144,8,4,5,0,51,63,6,1,904,1346
1412,13,16,144,9,4,5,0,52,63,6,1,905,1346
1413,14,16,144,10,4,5,0,52,63,6,1,906,1346
1414,14,16,144,10,4,5,0,52,63,6,1,907,1346
1415,14,17,143,10,4,5,0,53,63,6,1,908,1346
1416,14,17,143,10,4,5,0,53,63,6,1,909,1346
1417,14,17,143,10,4,5,0,53,63,6,1,910,1346
1418,14,17,143,10,4,5,0,53,63,6,1,911,1346
1419,14,17,143,10,4,5,0,53,63,6,1,912,1346
1420,14,17,143,10,4,5,0,53,63,6,1,913,1346
1421,14,17,143,10,4,5,0,53,63,6,1,914,1346
1422,14,17,143,10,4,5,0,53,63,6,1,915,1346
1423,14,17,143,10,4,5,0,53,63,6,1,916,1346
1424,14,18,143,10,4,5,0,54,63,6,1,917,1346
1425,14,17,143,10,4,5,0,54,63,6,1,918,1346
1426,14,17,143,10,4,5,0,54,63,6,1,919,1346
1427,14,17,143,10,4,5,0,54,63,6,1,920,1346
1428,13,16,143,9,4,5,0,54,63,6,1,921,1346
1429,13,16,143,9,4,5,0,54,63,6,1,922,1346
1430,13,16,143,9,4,5,0,54,63,6,1,923,1346
1431,12,15,143,8,4,5,0,54,63,6,1,924,1346
1432,12,16,143,8,4,5,0,55,63,6,1,925,1346
1433,13,16,143,9,4,5,0,55,63,6,1,926,1346
1434,13,16,143,9,4,5,0,55,63,6,1,927,1346
1435,13,16,143,9,4,5,0,55,63,6,1,928,1346
1436,13,16,143,9,4,5,0,55,63,6,1,929,1346
1437,13,16,143,9,4,5,0,55,63,6,1,930,1346
1438,13,16,143,9,4,5,0,55,63,6,1,931,1346
1439,13,16,143,9,4,5,0,55,63,6,1,932,1346
1440,13,16,143,9,4,5,0,55,63,6,1,932,1346
1441,13,16,143,9,4,5,1,55,63,7,1,932,1346
1442,13,16,143,9,4,5,1,55,63,7,1,933,1346
1443,13,16,143,9,4,5,1,55,63,7,1,934,1346
1444,13,16,143,9,4,5,1,55,63,7,1,935,1346
1445,13,16,143,9,4,5,1,55,63,7,1,936,1346
1446,13,16,143,9,4,5,1,55,63,7,1,936,1346
1447,13,16,143,9,4,5,1,55,63,7,1,937,1346
1448,13,16,143,9,4,5,1,55,63,7,1,937,1346
1449,13,16,143,9,4,5,1,55,63,7,1,937,1346
1450,13,16,143,9,4,5,1,55,63,7,1,937,1346
1451,14,16,143,9,5,5,1,55,63,7,1,937,1346
1452,14,16,143,9,5,5,1,55,63,7,1,938,1346
1453,14,16,143,9,5,5,1,55,63,7,1,939,1346
1454,14,16,143,9,5,5,1,55,63,7,1,940,1346
1455,14,16,143,9,5,5,1,55,63,7,1,941,1346
1456,14,16,143,9,5,5,1,55,63,7,1,942,1346
1457,14,16,143,9,5,5,1,55,63,7,1,943,1346
1458,14,16,143,9,5,5,1,55,63,7,1,944,1346
1459,14,16,143,9,5,5,1,55,63,7,1,944,1346
1460,14,16,143,9,5,5,1,55,63,7,1,945,1346
1461,14,16,143,9,5,5,1,55,63,7,1,946,1346
1462,14,16,143,9,5,5,1,55,63,7,1,947,1346
1463,15,16,143,10,5,5,1,55,63,7,1,948,1346
1464,16,17,143,10,6,6,1,55,64,7,1,948,1346
1465,16,18,142,10,6,6,0,56,64,7,1,949,1346
1466,16,18,142,10,6,6,0,56,64,7,1,950,1346
1467,16,18,142,10,6,6,0,56,64,7,1,951,1346
1468,16,18,142,10,6,6,0,56,64,7,1,952,1346
1469,17,19,142,10,7,7,0,56,65,7,1,953,1346
1470,17,19,142,10,7,7,0,56,65,7,1,953,1346
1471,17,19,142,10,7,7,0,56,65,7,1,954,1346
1472,17,19,142,10,7,7,0,56,65,7,1,955,1346
1473,17,19,142,10,7,7,0,56,65,7,1,956,1346
1474,16,19,142,9,7,7,0,57,65,7,1,957,1346
1475,16,19,142,9,7,7,0,57,65,7,1,957,1346
1476,16,19,142,9,7,7,0,57,65,7,1,958,1346
1477,16,19,142,9,7,7,0,57,65,7,1,959,1346
1478,16,19,142,9,7,7,0,57,65,7,1,959,1346
1479,16,19,142,9,7,7,0,57,65,7,1,960,1346
1480,16,19,142,9,7,7,0,57,65,7,1,960,1346
1481,16,19,142,9,7,7,0,57,65,7,1,961,1346
1482,16,19,142,9,7,7,0,57,65,7,1,962,1346
1483,16,19,142,9,7,7,0,57,65,7,1,963,1346
1484,16,19,142,9,7,7,0,57,65,7,1,963,1346
1485,16,19,142,9,7,7,0,57,65,7,1,964,1346
1486,16,19,142,9,7,7,0,57,65,7,1,964,1346
1487,16,19,142,9,7,7,0,57,65,7,1,965,1346
1488,16,19,142,9,7,7,0,57,65,7,1,966,1346
1489,16,19,142,9,7,7,0,57,65,7,1,967,1346
1490,16,19,142,9,7,7,0,57,65,7,1,968,1346
1491,17,20,142,9,8,8,0,57,66,7,1,969,1346
1492,17,20,142,9,8,8,0,57,66,7,1,970,1346
1493,17,20,142,9,8,8,0,57,66,7,1,971,1346
1494,17,20,142,9,8,8,0,57,66,7,1,972,1346
1495,17,20,142,9,8,8,0,57,66,7,1,973,1346
1496,17,20,142,9,8,8,0,57,66,7,1,974,1346
1497,17,20,142,9,8,8,0,57,66,7,1,975,1346
1498,18,20,142,10,8,8,0,57,66,7,1,976,1346
1499,19,21,142,10,9,9,0,57,67,7,1,977,1346
1500,18,20,142,10,8,8,0,57,67,7,1,978,1346
1501,18,20,142,10,8,8,0,57,67,7,1,979,1346
1502,18,20,142,10,8,8,0,57,67,7,1,980,1346
1503,18,20,142,10,8,8,0,57,67,7,1,981,1346
1504,19,21,142,10,9,9,0,57,68,7,1,982,1346
1505,19,21,142,10,9,9,0,57,68,7,1,983,1346
1506,19,22,142,10,9,9,0,58,68,7,1,984,1346
1507,20,22,142,11,9,9,0,58,68,7,1,985,1346
1508,20,22,142,11,9,9,0,58,68,7,1,986,1346
1509,21,23,142,11,10,10,0,58,69,7,1,987,1346
1510,21,23,142,11,10,10,0,58,69,7,1,988,1346
1511,21,23,142,11,10,10,0,58,69,7,1,989,1346
1512,21,23,142,11,10,10,0,58,69,7,1,990,1346
1513,12,14,142,11,1,1,0,58,69,7,1,1049,1458
1514,13,15,142,11,2,2,0,58,70,7,1,1050,1458
1515,13,15,142,11,2,2,0,58,70,7,1,1051,1458
1516,13,15,142,11,2,2,0,58,70,7,1,1052,1458
1517,13,15,141,11,2,2,0,59,70,7,1,1053,1458
1518,13,15,141,11,2,2,0,59,70,7,1,1054,1458
1519,13,15,141,11,2,2,0,59,70,7,1,1055,1458
1520,13,15,141,11,2,2,0,59,70,7,1,1056,1458
1521,12,14,141,10,2,2,0,59,70,7,1,1057,1458
1522,12,14,141,10,2,2,0,59,70,7,1,1058,1458
1523,12,14,141,10,2,2,0,59,70,7,1,1059,1458
1524,12,14,141,10,2,2,0,59,70,7,1,1060,1458
1525,12,14,141,10,2,2,0,59,70,7,1,1061,1458
1526,11,13,141,9,2,2,0,59,70,7,1,1062,1458
1527,11,13,141,9,2,2,0,59,70,7,1,1063,1458
1528,11,13,141,9,2,2,0,59,70,7,1,1064,1458
1529,11,13,141,9,2,2,1,59,70,8,1,1065,1458
1530,11,13,141,9,2,2,1,59,70,8,1,1066,1458
1531,11,13,141,9,2,2,1,59,70,8,1,1067,1458
1532,11,13,141,9,2,2,1,59,70,8,1,1068,1458
1533,11,13,141,9,2,2,1,59,70,8,1,1069,1458
1534,11,13,141,9,2,2,1,59,70,8,1,1070,1458
1535,11,13,141,9,2,2,1,59,70,8,1,1071,1458
1536,11,13,141,9,2,2,1,59,70,8,1,1072,1458
1537,11,13,141,9,2,2,1,59,70,8,1,1073,1458
1538,11,13,141,9,2,2,1,59,70,8,1,1074,1458
1539,11,13,141,9,2,2,1,59,70,8,1,1075,1458
1540,11,13,141,9,2,2,1,59,70,8,1,1076,1458
1541,11,13,141,9,2,2,1,59,70,8,1,1077,1458
1542,11,13,141,9,2,2,1,59,70,8,1,1078,1458
1543,11,13,141,9,2,2,1,59,70,8,1,1079,1458
1544,10,12,141,8,2,2,1,59,70,8,1,1080,1458
1545,10,12,141,8,2,2,1,59,70,8,1,1081,1458
1546,10,12,141,8,2,2,1,59,70,8,1,1082,1458
1547,11,12,141,9,2,2,1,59,70,8,1,1083,1458
1548,11,12,141,9,2,2,1,59,70,8,1,1084,1458
1549,11,12,141,9,2,2,1,59,70,8,1,1085,1458
1550,11,13,140,9,2,2,1,60,70,8,1,1086,1458
1551,11,13,140,9,2,2,1,60,70,8,1,1087,1458
1552,11,13,140,9,2,2,1,60,70,8,1,1088,1458
1553,11,13,140,9,2,2,0,60,70,8,1,1089,1458
1554,11,13,140,9,2,2,0,60,70,8,1,1090,1458
1555,12,14,140,9,3,3,0,60,71,8,1,1091,1458
1556,12,14,140,9,3,3,0,60,71,8,1,1092,1458
1557,12,14,140,9,3,3,0,60,71,8,1,1093,1458
1558,12,14,140,9,3,3,0,60,71,8,1,1094,1458
1559,12,14,140,9,3,3,0,60,71,8,1,1095,1458
1560,12,14,140,9,3,3,0,60,71,8,1,1096,1458
1561,12,14,140,9,3,3,0,60,71,8,1,1097,1458
1562,12,14,140,9,3,3,0,60,71,8,1,1098,1458
1563,12,14,140,9,3,3,0,60,71,8,1,1099,1458
1564,12,14,140,9,3,3,0,60,71,8,1,1100,1458
1565,12,14,140,9,3,3,0,60,71,8,1,1101,1458
1566,12,14,140,9,3,3,0,60,71,8,1,1102,1458
1567,12,14,140,9,3,3,0,60,71,8,1,1103,1458
1568,12,14,140,9,3,3,0,60,71,8,1,1104,1458
1569,12,14,140,9,3,3,0,60,71,8,1,1105,1458
1570,12,14,140,9,3,3,0,60,71,8,1,1106,1458
1571,12,14,140,9,3,3,0,60,71,8,1,1107,1458
1572,12,14,140,9,3,3,0,60,71,8,1,1108,1458
1573,12,14,140,9,3,3,0,60,71,8,1,1109,1458
1574,12,14,140,9,3,3,0,60,71,8,1,1110,1458
1575,12,14,140,9,3,3,0,60,71,8,1,1111,1458
1576,12,14,140,9,3,3,0,60,71,8,1,1112,1458
1577,12,14,140,9,3,3,0,60,71,8,1,1113,1458
1578,12,14,140,9,3,3,0,60,71,8,1,1114,1458
1579,12,14,140,9,3,3,0,60,71,8,1,1114,1458
1580,12,14,140,9,3,3,0,60,71,8,1,1115,1458
1581,12,15,140,9,3,3,0,61,71,8,1,1116,1458
1582,13,15,140,10,3,3,0,61,71,8,1,1116,1458
1583,13,15,140,10,3,3,0,61,71,8,1,1117,1458
1584,13,15,140,10,3,3,0,61,71,8,1,1118,1458
1585,13,15,140,10,3,3,0,61,71,8,1,1119,1458
1586,12,14,140,9,3,3,0,61,71,8,1,1120,1458
1587,12,14,140,9,3,3,0,61,71,8,1,1121,1458
1588,12,14,140,9,3,3,0,61,71,8,1,1122,1458
1589,11,13,140,8,3,3,0,61,71,8,1,1123,1458
1590,11,13,140,8,3,3,0,61,71,8,1,1124,1458
1591,11,13,140,8,3,3,0,61,71,8,1,1125,1458
1592,12,14,140,8,4,4,0,61,72,8,1,1126,1458
1593,11,13,140,7,4,4,0,61,72,8,1,1127,1458
1594,10,12,140,6,4,4,0,61,72,8,1,1128,1458
1595,10,12,140,6,4,4,0,61,72,8,1,1129,1458
1596,10,12,140,6,4,4,0,61,72,8,1,1130,1458
1597,10,12,140,6,4,4,0,61,72,8,1,1131,1458
1598,10,12,140,6,4,4,0,61,72,8,1,1132,1458
1599,10,12,140,6,4,4,0,61,72,8,1,1133,1458
1600,10,12,140,6,4,4,0,61,72,8,1,1133,1458
1601,10,12,140,6,4,4,0,61,72,8,1,1134,1458
1602,10,12,140,6,4,4,0,61,72,8,1,1135,1458
1603,10,12,140,6,4,4,0,61,72,8,1,1136,1458
1604,10,12,140,6,4,4,0,61,72,8,1,1137,1458
1605,9,11,140,5,4,4,0,61,72,8,1,1138,1458
1606,9,11,140,5,4,4,0,61,72,8,1,1139,1458
1607,9,12,139,5,4,4,0,62,72,8,1,1140,1458
1608,9,12,139,5,4,4,0,62,72,8,1,1141,1458
1609,9,12,139,5,4,4,0,62,72,8,1,1142,1458
1610,10,12,139,6,4,4,0,62,72,8,1,1143,1458
1611,10,12,139,6,4,4,0,62,72,8,1,1144,1458
1612,10,12,139,6,4,4,0,62,72,8,1,1145,1458
1613,9,11,139,5,4,4,0,62,72,8,1,1145,1458
1614,9,11,139,5,4,4,0,62,72,8,1,1146,1458
1615,9,11,139,5,4,4,0,62,72,8,1,1147,1458
1616,9,11,139,5,4,4,0,62,72,8,1,1148,1458
1617,9,11,139,5,4,4,0,62,72,8,1,1149,1458
1618,9,11,139,5,4,4,0,62,72,8,1,1150,1458
1619,8,10,139,4,4,4,0,62,72,8,1,1151,1458
1620,8,10,139,4,4,4,0,62,72,8,1,1152,1458
1621,8,10,139,4,4,4,0,62,72,8,1,1153,1458
1622,8,10,139,4,4,4,0,62,72,8,1,1154,1458
1623,9,10,139,5,4,4,0,62,72,8,1,1155,1458
1624,9,10,139,5,4,4,0,62,72,8,1,1156,1458
1625,9,10,139,5,4,4,0,62,72,8,1,1157,1458
1626,9,10,139,5,4,4,0,62,72,8,1,1158,1458
1627,9,10,139,5,4,4,0,62,72,8,1,1159,1458
1628,9,10,139,5,4,4,0,62,72,8,1,1160,1458
1629,9,11,139,5,4,4,0,63,72,8,1,1161,1458
1630,9,11,139,5,4,4,0,63,72,8,1,1162,1458
1631,9,11,139,5,4,4,0,63,72,8,1,1163,1458
1632,9,11,139,5,4,4,0,63,72,8,1,1164,1458
1633,9,11,139,5,4,4,0,63,72,8,1,1165,1458
1634,9,11,139,5,4,4,0,63,72,8,1,1165,1458
1635,10,12,139,5,5,5,0,63,73,8,1,1165,1458
1636,10,12,139,5,5,5,0,63,73,8,1,1165,1458
1637,10,12,139,5,5,5,0,63,73,8,1,1166,1458
1638,10,12,139,5,5,5,0,63,73,8,1,1167,1458
1639,10,12,139,5,5,5,0,63,73,8,1,1168,1458
1640,10,12,139,5,5,5,0,63,73,8,1,1169,1458
1641,10,12,139,5,5,5,0,63,73,8,1,1169,1458
1642,10,12,139,5,5,5,0,63,73,8,1,1170,1458
1643,10,12,139,5,5,5,0,63,73,8,1,1171,1458
1644,10,12,139,5,5,5,0,63,73,8,1,1172,1458
1645,10,12,139,5,5,5,0,63,73,8,1,1173,1458
1646,10,12,139,5,5,5,0,63,73,8,1,1174,1458
1647,10,12,139,5,5,5,0,63,73,8,1,1174,1458
1648,10,12,139,5,5,5,0,63,73,8,1,1175,1458
1649,10,12,139,5,5,5,0,63,73,8,1,1175,1458
1650,10,12,139,5,5,5,0,63,73,8,1,1175,1458
1651,10,12,139,5,5,5,0,63,73,8,1,1176,1458
1652,10,12,139,5,5,5,0,63,73,8,1,1177,1458
1653,10,12,139,5,5,5,0,63,73,8,1,1178,1458
1654,10,12,139,5,5,5,0,63,73,8,1,1179,1458
1655,11,12,139,6,5,5,0,63,73,8,1,1180,1458
1656,11,12,139,6,5,5,0,63,73,8,1,1180,1458
1657,11,12,139,6,5,5,0,63,73,8,1,1181,1458
1658,11,12,139,6,5,5,0,63,73,8,1,1182,1458
1659,11,12,139,6,5,5,0,63,73,8,1,1183,1458
1660,11,12,139,6,5,5,0,63,73,8,1,1184,1458
1661,11,14,137,6,5,5,0,65,73,8,1,1185,1458
1662,11,14,137,6,5,5,0,65,73,8,1,1186,1458
1663,11,14,137,6,5,5,0,65,73,8,1,1187,1458
1664,11,14,137,6,5,5,0,65,73,8,1,1188,1458
1665,11,14,137,6,5,5,0,65,73,8,1,1189,1458
1666,11,14,137,6,5,5,0,65,73,8,1,1190,1458
1667,11,14,137,6,5,5,0,65,73,8,1,1191,1458
1668,11,14,137,6,5,5,0,65,73,8,1,1192,1458
1669,11,14,137,6,5,5,0,65,73,8,1,1193,1458
1670,11,14,137,6,5,5,0,65,73,8,1,1194,1458
1671,11,14,137,6,5,5,0,65,73,8,1,1195,1458
1672,11,14,137,6,5,5,0,65,73,8,1,1196,1458
1673,11,14,137,6,5,5,0,65,73,8,1,1197,1458
1674,11,14,137,6,5,5,0,65,73,8,1,1198,1458
1675,11,14,137,6,5,5,0,65,73,8,1,1198,1458
1676,11,14,137,6,5,5,0,65,73,8,1,1199,1458
1677,11,14,137,6,5,5,0,65,73,8,1,1200,1458
1678,12,14,137,7,5,5,0,65,73,8,1,1201,1458
1679,12,14,137,7,5,5,0,65,73,8,1,1202,1458
1680,12,14,137,7,5,5,0,65,73,8,1,1203,1458
1681,7,9,137,7,0,0,0,65,73,8,1,1262,1565
1682,7,9,137,7,0,0,0,65,73,8,1,1263,1565
1683,7,9,137,7,0,0,0,65,73,8,1,1264,1565
1684,7,9,137,7,0,0,0,65,73,8,1,1265,1565
1685,7,9,137,7,0,0,1,65,73,9,1,1266,1565
1686,7,9,137,7,0,0,1,65,73,9,1,1267,1565
1687,6,8,137,6,0,0,1,65,73,9,1,1268,1565
1688,6,8,137,6,0,0,1,65,73,9,1,1269,1565
1689,6,8,137,6,0,0,1,65,73,9,1,1270,1565
1690,6,8,137,6,0,0,1,65,73,9,1,1271,1565
1691,5,7,137,5,0,0,1,65,73,9,1,1272,1565
1692,5,7,137,5,0,0,1,65,73,9,1,1272,1565
1693,5,7,137,5,0,0,1,65,73,9,1,1273,1565
1694,5,7,137,5,0,0,1,65,73,9,1,1274,1565
1695,5,7,137,5,0,0,1,65,73,9,1,1275,1565
1696,5,7,137,5,0,0,1,65,73,9,1,1276,1565
1697,5,7,137,5,0,0,1,65,73,9,1,1277,1565
1698,5,7,137,5,0,0,1,65,73,9,1,1278,1565
1699,5,8,136,5,0,0,1,66,73,9,1,1279,1565
1700,5,8,136,5,0,0,1,66,73,9,1,1280,1565
1701,5,8,136,5,0,0,1,66,73,9,1,1281,1565
1702,5,8,136,5,0,0,1,66,73,9,1,1282,1565
1703,5,8,136,5,0,0,1,66,73,9,1,1283,1565
1704,5,8,136,5,0,0,1,66,73,9,1,1284,1565
1705,5,8,136,5,0,0,1,66,73,9,1,1284,1565
1706,5,8,136,5,0,0,1,66,73,9,1,1284,1565
1707,5,8,136,5,0,0,1,66,73,9,1,1284,1565
1708,5,8,136,5,0,0,1,66,73,9,1,1285,1565
1709,5,8,136,5,0,0,1,66,73,9,1,1286,1565
1710,5,8,136,5,0,0,1,66,73,9,1,1287,1565
1711,5,8,136,5,0,0,1,66,73,9,1,1288,1565
1712,5,8,136,5,0,0,1,66,73,9,1,1289,1565
1713,5,8,136,5,0,0,1,66,73,9,1,1290,1565
1714,5,8,136,5,0,0,1,66,73,9,1,1291,1565
1715,5,8,136,5,0,0,1,66,73,9,1,1292,1565
1716,5,8,136,5,0,0,1,66,73,9,1,1293,1565
1717,5,8,136,5,0,0,1,66,73,9,1,1294,1565
1718,4,7,136,4,0,0,1,66,73,9,1,1295,1565
1719,4,7,136,4,0,0,1,66,73,9,1,1296,1565
1720,4,7,136,4,0,0,1,66,73,9,1,1297,1565
1721,4,7,136,4,0,0,1,66,73,9,1,1298,1565
1722,4,7,136,4,0,0,1,66,73,9,1,1299,1565
1723,4,7,136,4,0,0,1,66,73,9,1,1300,1565
1724,4,7,136,4,0,0,2,66,73,10,1,1301,1565
1725,4,7,136,4,0,0,2,66,73,10,1,1302,1565
1726,4,7,136,4,0,0,2,66,73,10,1,1303,1565
1727,4,7,136,4,0,0,2,66,73,10,1,1304,1565
1728,4,7,136,4,0,0,2,66,73,10,1,1305,1565
1729,4,7,136,4,0,0,2,66,73,10,1,1306,1565
1730,4,7,136,4,0,0,2,66,73,10,1,1307,1565
1731,4,7,136,4,0,0,2,66,73,10,1,1308,1565
1732,4,7,136,4,0,0,2,66,73,10,1,1309,1565
1733,4,7,136,4,0,0,2,66,73,10,1,1310,1565
1734,4,7,136,4,0,0,2,66,73,10,1,1311,1565
1735,4,7,136,4,0,0,2,66,73,10,1,1312,1565
1736,4,7,136,4,0,0,2,66,73,10,1,1313,1565
1737,4,7,136,4,0,0,2,66,73,10,1,1314,1565
1738,4,7,136,4,0,0,2,66,73,10,1,1315,1565
1739,4,7,136,4,0,0,2,66,73,10,1,1316,1565
1740,4,7,136,4,0,0,2,66,73,10,1,1317,1565
1741,4,7,136,4,0,0,2,66,73,10,1,1318,1565
1742,4,7,136,4,0,0,2,66,73,10,1,1319,1565
1743,4,7,136,4,0,0,2,66,73,10,1,1320,1565
1744,4,7,136,4,0,0,2,66,73,10,1,1321,1565
1745,4,7,136,4,0,0,2,66,73,10,1,1322,1565
1746,4,7,136,4,0,0,2,66,73,10,1,1323,1565
1747,4,7,136,4,0,0,2,66,73,10,1,1324,1565
1748,4,7,136,4,0,0,2,66,73,10,1,1325,1565
1749,4,7,136,4,0,0,2,66,73,10,1,1325,1565
1750,4,7,136,4,0,0,2,66,73,10,1,1326,1565
1751,4,7,136,4,0,0,2,66,73,10,1,1327,1565
1752,4,7,136,4,0,0,2,66,73,10,1,1328,1565
1753,4,7,136,4,0,0,2,66,73,10,1,1329,1565
1754,4,7,136,4,0,0,2,66,73,10,1,1330,1565
1755,4,7,136,4,0,0,2,66,73,10,1,1331,1565
1756,4,7,136,4,0,0,2,66,73,10,1,1332,1565
1757,4,7,136,4,0,0,2,66,73,10,1,1333,1565
1758,5,7,136,5,0,0,2,66,73,10,1,1334,1565
1759,5,7,136,5,0,0,2,66,73,10,1,1335,1565
1760,5,7,136,5,0,0,2,66,73,10,1,1335,1565
1761,5,7,136,5,0,0,2,66,73,10,1,1336,1565
1762,4,6,136,4,0,0,2,66,73,10,1,1336,1565
1763,4,6,136,4,0,0,2,66,73,10,1,1337,1565
1764,4,6,136,4,0,0,2,66,73,10,1,1338,1565
1765,4,6,136,4,0,0,2,66,73,10,1,1339,1565
1766,4,6,136,4,0,0,2,66,73,10,1,1340,1565
1767,3,5,136,3,0,0,2,66,73,10,1,1341,1565
1768,3,5,136,3,0,0,2,66,73,10,1,1342,1565
1769,3,5,136,3,0,0,2,66,73,10,1,1343,1565
1770,3,5,136,3,0,0,2,66,73,10,1,1344,1565
1771,3,5,136,3,0,0,2,66,73,10,1,1345,1565
1772,3,5,136,3,0,0,2,66,73,10,1,1346,1565
1773,3,5,136,3,0,0,2,66,73,10,1,1347,1565
1774,3,5,136,3,0,0,2,66,73,10,1,1348,1565
1775,3,5,136,3,0,0,2,66,73,10,1,1348,1565
1776,3,5,136,3,0,0,2,66,73,10,1,1349,1565
1777,3,5,136,3,0,0,2,66,73,10,1,1350,1565
1778,3,5,136,3,0,0,2,66,73,10,1,1351,1565
1779,3,5,136,3,0,0,2,66,73,10,1,1352,1565
1780,3,5,136,3,0,0,2,66,73,10,1,1353,1565
1781,3,5,136,3,0,0,2,66,73,10,1,1354,1565
1782,4,5,136,4,0,0,2,66,73,10,1,1354,1565
1783,4,5,136,4,0,0,2,66,73,10,1,1355,1565
1784,4,5,136,4,0,0,2,66,73,10,1,1356,1565
1785,4,5,136,4,0,0,2,66,73,10,1,1357,1565
1786,4,5,136,4,0,0,2,66,73,10,1,1358,1565
1787,4,5,136,4,0,0,2,66,73,10,1,1359,1565
1788,4,5,136,4,0,0,2,66,73,10,1,1360,1565
1789,4,5,136,4,0,0,2,66,73,10,1,1361,1565
1790,4,5,136,4,0,0,2,66,73,10,1,1361,1565
1791,4,5,136,4,0,0,2,66,73,10,1,1362,1565
1792,4,5,136,4,0,0,2,66,73,10,1,1363,1565
1793,4,5,136,4,0,0,2,66,73,10,1,1364,1565
1794,4,5,136,4,0,0,2,66,73,10,1,1365,1565
1795,5,5,136,5,0,0,2,66,73,10,1,1366,1565
1796,5,5,136,5,0,0,2,66,73,10,1,1367,1565
1797,5,5,136,5,0,0,2,66,73,10,1,1367,1565
1798,5,5,136,5,0,0,2,66,73,10,1,1367,1565
1799,5,5,136,5,0,0,2,66,73,10,1,1368,1565
1800,5,5,136,5,0,0,2,66,73,10,1,1368,1565
1801,5,5,136,5,0,0,2,66,73,10,1,1368,1565
1802,5,5,136,5,0,0,2,66,73,10,1,1369,1565
1803,5,5,136,5,0,0,2,66,73,10,1,1370,1565
1804,5,5,136,5,0,0,2,66,73,10,1,1371,1565
1805,5,5,136,5,0,0,2,66,73,10,1,1372,1565
1806,5,5,136,5,0,0,2,66,73,10,1,1373,1565
1807,5,5,136,5,0,0,2,66,73,10,1,1374,1565
1808,5,5,136,5,0,0,2,66,73,10,1,1375,1565
1809,5,5,136,5,0,0,2,66,73,10,1,1376,1565
1810,5,5,136,5,0,0,2,66,73,10,1,1377,1565
1811,4,4,136,4,0,0,2,66,73,10,1,1378,1565
1812,4,4,136,4,0,0,2,66,73,10,1,1378,1565
1813,4,4,136,4,0,0,2,66,73,10,1,1378,1565
1814,4,4,136,4,0,0,2,66,73,10,1,1379,1565
1815,4,4,136,4,0,0,2,66,73,10,1,1379,1565
1816,4,4,136,4,0,0,2,66,73,10,1,1380,1565
1817,4,4,136,4,0,0,2,66,73,10,1,1381,1565
1818,4,4,136,4,0,0,2,66,73,10,1,1382,1565
1819,4,4,136,4,0,0,2,66,73,10,1,1383,1565
1820,4,4,136,4,0,0,2,66,73,10,1,1383,1565
1821,4,4,136,4,0,0,2,66,73,10,1,1383,1565
1822,4,4,136,4,0,0,3,66,73,11,1,1383,1565
1823,4,4,136,4,0,0,3,66,73,11,1,1383,1565
1824,4,4,136,4,0,0,3,66,73,11,1,1384,1565
1825,4,4,136,4,0,0,3,66,73,11,1,1385,1565
1826,4,4,136,4,0,0,3,66,73,11,1,1385,1565
1827,4,4,136,4,0,0,3,66,73,11,1,1386,1565
1828,4,4,136,4,0,0,3,66,73,11,1,1387,1565
1829,4,4,136,4,0,0,3,66,73,11,1,1388,1565
1830,4,4,136,4,0,0,3,66,73,11,1,1389,1565
1831,4,4,136,4,0,0,3,66,73,11,1,1390,1565
1832,4,4,136,4,0,0,3,66,73,11,1,1391,1565
1833,4,4,136,4,0,0,3,66,73,11,1,1391,1565
1834,3,3,136,3,0,0,3,66,73,11,1,1391,1565
1835,3,3,136,3,0,0,3,66,73,11,1,1391,1565
1836,3,3,136,3,0,0,3,66,73,11,1,1391,1565
1837,3,3,136,3,0,0,3,66,73,11,1,1391,1565
1838,3,3,136,3,0,0,3,66,73,11,1,1391,1565
1839,3,3,136,3,0,0,3,66,73,11,1,1391,1565
1840,3,3,136,3,0,0,3,66,73,11,1,1391,1565
1841,3,3,136,3,0,0,3,66,73,11,1,1391,1565
1842,3,3,136,3,0,0,3,66,73,11,1,1391,1565
1843,3,3,136,3,0,0,3,66,73,11,1,1391,1565
1844,3,3,136,3,0,0,3,66,73,11,1,1391,1565
1845,3,3,136,3,0,0,3,66,73,11,1,1391,1565
1846,3,3,136,3,0,0,3,66,73,11,1,1391,1565
1847,3,3,136,3,0,0,3,66,73,11,1,1391,1565
1848,3,3,136,3,0,0,3,66,73,11,1,1391,1565
1849,3,3,136,3,0,0,3,66,73,11,1,1449,1672
1850,3,3,136,3,0,0,3,66,73,11,1,1449,1672
1851,3,3,136,3,0,0,3,66,73,11,1,1449,1672
1852,3,3,136,3,0,0,3,66,73,11,1,1449,1672
1853,3,3,136,3,0,0,3,66,73,11,1,1449,1672
1854,3,3,136,3,0,0,3,66,73,11,1,1449,1672
1855,3,3,136,3,0,0,3,66,73,11,1,1449,1672
1856,3,3,136,3,0,0,3,66,73,11,1,1449,1672
1857,3,3,136,3,0,0,3,66,73,11,1,1449,1672
1858,3,3,136,3,0,0,3,66,73,11,1,1449,1672
1859,3,3,136,3,0,0,3,66,73,11,1,1449,1672
1860,3,3,136,3,0,0,3,66,73,11,1,1449,1672
1861,3,3,136,3,0,0,3,66,73,11,1,1449,1672
1862,3,3,136,3,0,0,3,66,73,11,1,1449,1672
1863,3,3,136,3,0,0,3,66,73,11,1,1449,1672
1864,3,3,136,3,0,0,3,66,73,11,1,1449,1672
1865,3,3,136,3,0,0,3,66,73,11,1,1449,1672
1866,3,3,136,3,0,0,3,66,73,11,1,1449,1672
1867,3,3,136,3,0,0,3,66,73,11,1,1449,1672
1868,3,3,136,3,0,0,3,66,73,11,1,1449,1672
1869,3,3,136,3,0,0,3,66,73,11,1,1449,1672
1870,3,3,136,3,0,0,3,66,73,11,1,1449,1672
1871,3,3,136,3,0,0,3,66,73,11,1,1449,1672
1872,3,3,136,3,0,0,3,66,73,11,1,1449,1672
1873,3,3,136,3,0,0,3,66,73,11,1,1449,1672
1874,3,3,136,3,0,0,3,66,73,11,1,1449,1672
1875,3,3,136,3,0,0,3,66,73,11,1,1449,1672
1876,3,3,136,3,0,0,3,66,73,11,1,1449,1672
1877,3,3,136,3,0,0,2,66,73,11,1,1449,1672
1878,3,3,136,3,0,0,2,66,73,11,1,1449,1672
1879,3,3,136,3,0,0,2,66,73,11,1,1449,1672
1880,3,3,136,3,0,0,2,66,73,11,1,1449,1672
1881,3,3,136,3,0,0,2,66,73,11,1,1449,1672
1882,3,3,136,3,0,0,2,66,73,11,1,1449,1672
1883,3,3,136,3,0,0,2,66,73,11,1,1449,1672
1884,3,3,136,3,0,0,2,66,73,11,1,1449,1672
1885,3,3,136,3,0,0,2,66,73,11,1,1449,1672
1886,3,3,136,3,0,0,2,66,73,11,1,1449,1672
1887,3,3,136,3,0,0,2,66,73,11,1,1449,1672
1888,3,3,136,3,0,0,2,66,73,11,1,1449,1672
1889,3,3,136,3,0,0,2,66,73,11,1,1449,1672
1890,2,2,136,2,0,0,2,66,73,11,1,1449,1672
1891,2,2,136,2,0,0,2,66,73,11,1,1449,1672
1892,2,2,136,2,0,0,2,66,73,11,1,1449,1672
1893,2,2,136,2,0,0,2,66,73,11,1,1449,1672
1894,2,2,136,2,0,0,1,66,73,11,1,1449,1672
1895,2,2,136,2,0,0,1,66,73,11,1,1449,1672
1896,2,2,136,2,0,0,1,66,73,11,1,1449,1672
1897,2,2,136,2,0,0,1,66,73,11,1,1449,1672
1898,2,2,136,2,0,0,1,66,73,11,1,1449,1672
1899,2,2,136,2,0,0,1,66,73,11,1,1449,1672
1900,2,2,136,2,0,0,1,66,73,11,1,1449,1672
1901,2,2,136,2,0,0,1,66,73,11,1,1449,1672
1902,1,1,136,1,0,0,1,66,73,11,1,1449,1672
1903,1,1,136,1,0,0,1,66,73,11,1,1449,1672
1904,1,1,136,1,0,0,1,66,73,11,1,1449,1672
1905,1,1,136,1,0,0,1,66,73,11,1,1449,1672
1906,1,1,136,1,0,0,1,66,73,11,1,1449,1672
1907,1,1,136,1,0,0,1,66,73,11,1,1449,1672
1908,1,1,136,1,0,0,1,66,73,11,1,1449,1672
1909,1,1,136,1,0,0,1,66,73,11,1,1449,1672
1910,1,1,136,1,0,0,1,66,73,11,1,1449,1672
1911,1,1,136,1,0,0,1,66,73,11,1,1449,1672
1912,1,1,136,1,0,0,1,66,73,11,1,1449,1672
1913,1,1,136,1,0,0,1,66,73,11,1,1449,1672
1914,1,1,136,1,0,0,1,66,73,11,1,1449,1672
1915,1,1,136,1,0,0,1,66,73,11,1,1449,1672
1916,1,1,136,1,0,0,1,66,73,11,1,1449,1672
1917,1,1,136,1,0,0,1,66,73,11,1,1449,1672
1918,1,1,136,1,0,0,1,66,73,11,1,1449,1672
1919,1,1,136,1,0,0,1,66,73,11,1,1449,1672
1920,1,1,136,1,0,0,1,66,73,11,1,1449,1672
1921,1,1,136,1,0,0,1,66,73,11,1,1449,1672
1922,1,1,136,1,0,0,1,66,73,11,1,1449,1672
1923,1,1,136,1,0,0,1,66,73,11,1,1449,1672
1924,1,1,136,1,0,0,1,66,73,11,1,1449,1672
1925,1,1,136,1,0,0,1,66,73,11,1,1449,1672
1926,1,1,136,1,0,0,1,66,73,11,1,1449,1672
1927,0,0,136,0,0,0,1,66,73,11,1,1449,1672
1928,0,0,136,0,0,0,1,66,73,11,1,1449,1672
1929,0,0,136,0,0,0,1,66,73,11,1,1449,1672
1930,0,0,136,0,0,0,1,66,73,11,1,1449,1672
1931,0,0,136,0,0,0,1,66,73,11,1,1449,1672
1932,0,0,136,0,0,0,1,66,73,11,1,1449,1672
1933,0,0,136,0,0,0,1,66,73,11,1,1449,1672
1934,0,0,136,0,0,0,1,66,73,11,1,1449,1672
1935,0,0,136,0,0,0,1,66,73,11,1,1449,1672
1936,0,0,136,0,0,0,1,66,73,11,1,1449,1672
1937,0,0,136,0,0,0,1,66,73,11,1,1449,1672
1938,0,0,136,0,0,0,1,66,73,11,1,1449,1672
1939,0,0,136,0,0,0,1,66,73,11,1,1449,1672
1940,0,0,136,0,0,0,1,66,73,11,1,1449,1672
1941,0,0,136,0,0,0,1,66,73,11,1,1449,1672
1942,0,0,136,0,0,0,1,66,73,11,1,1449,1672
1943,0,0,136,0,0,0,1,66,73,11,1,1449,1672
1944,0,0,136,0,0,0,1,66,73,11,1,1449,1672
1945,0,0,136,0,0,0,1,66,73,11,1,1449,1672
1946,0,0,136,0,0,0,1,66,73,11,1,1449,1672
1947,0,0,136,0,0,0,1,66,73,11,1,1449,1672
1948,0,0,136,0,0,0,1,66,73,11,1,1449,1672
1949,0,0,136,0,0,0,1,66,73,11,1,1449,1672
1950,0,0,136,0,0,0,1,66,73,11,1,1449,1672
1951,0,0,136,0,0,0,1,66,73,11,1,1449,1672
1952,0,0,136,0,0,0,1,66,73,11,1,1449,1672
1953,0,0,136,0,0,0,1,66,73,11,1,1449,1672
1954,0,0,136,0,0,0,1,66,73,11,1,1449,1672
1955,0,0,136,0,0,0,1,66,73,11,1,1449,1672
1956,0,0,136,0,0,0,1,66,73,11,1,1449,1672
1957,0,0,136,0,0,0,1,66,73,11,1,1449,1672
1958,0,0,136,0,0,0,1,66,73,11,1,1449,1672
1959,0,0,136,0,0,0,1,66,73,11,1,1449,1672
1960,0,0,136,0,0,0,1,66,73,11,1,1449,1672
1961,0,0,136,0,0,0,1,66,73,11,1,1449,1672
1962,0,0,136,0,0,0,1,66,73,11,1,1449,1672
1963,0,0,136,0,0,0,1,66,73,11,1,1449,1672
1964,0,0,136,0,0,0,0,66,73,11,1,1449,1672
1965,0,0,136,0,0,0,0,66,73,11,1,1449,1672
1966,0,0,136,0,0,0,0,66,73,11,1,1449,1672
1967,0,0,136,0,0,0,0,66,73,11,1,1449,1672
1968,0,0,136,0,0,0,0,66,73,11,1,1449,1672
1969,0,0,136,0,0,0,0,66,73,11,1,1449,1672
1970,0,0,136,0,0,0,0,66,73,11,1,1449,1672
1971,0,0,136,0,0,0,0,66,73,11,1,1449,1672
1972,0,0,136,0,0,0,0,66,73,11,1,1449,1672
1973,0,0,136,0,0,0,0,66,73,11,1,1449,1672
1974,0,0,136,0,0,0,0,66,73,11,1,1449,1672
1975,0,0,136,0,0,0,0,66,73,11,1,1449,1672
1976,0,0,136,0,0,0,0,66,73,11,1,1449,1672
1977,0,0,136,0,0,0,0,66,73,11,1,1449,1672
1978,0,0,136,0,0,0,0,66,73,11,1,1449,1672
1979,0,0,136,0,0,0,0,66,73,11,1,1449,1672
1980,0,0,136,0,0,0,0,66,73,11,1,1449,1672
1981,0,0,136,0,0,0,0,66,73,11,1,1449,1672
1982,0,0,136,0,0,0,0,66,73,11,1,1449,1672
1983,0,0,136,0,0,0,0,66,73,11,1,1449,1672
1984,0,0,136,0,0,0,0,66,73,11,1,1449,1672
1985,0,0,136,0,0,0,0,66,73,11,1,1449,1672
1986,0,0,136,0,0,0,0,66,73,11,1,1449,1672
1987,0,0,136,0,0,0,0,66,73,11,1,1449,1672
1988,0,0,136,0,0,0,0,66,73,11,1,1449,1672
1989,0,0,136,0,0,0,0,66,73,11,1,1449,1672
1990,0,0,136,0,0,0,0,66,73,11,1,1449,1672
1991,0,0,136,0,0,0,0,66,73,11,1,1449,1672
1992,0,0,136,0,0,0,0,66,73,11,1,1449,1672
1993,0,0,136,0,0,0,0,66,73,11,1,1449,1672
1994,0,0,136,0,0,0,0,66,73,11,1,1449,1672
1995,0,0,136,0,0,0,0,66,73,11,1,1449,1672
1996,0,0,136,0,0,0,0,66,73,11,1,1449,1672
1997,0,0,136,0,0,0,0,66,73,11,1,1449,1672
1998,0,0,136,0,0,0,0,66,73,11,1,1449,1672
1999,0,0,136,0,0,0,0,66,73,11,1,1449,1672
2000,0,0,136,0,0,0,0,66,73,11,1,1449,1672
2001,0,0,136,0,0,0,0,66,73,11,1,1449,1672
2002,0,0,136,0,0,0,0,66,73,11,1,1449,1672
2003,0,0,136,0,0,0,0,66,73,11,1,1449,1672
2004,0,0,136,0,0,0,0,66,73,11,1,1449,1672
2005,0,0,136,0,0,0,0,66,73,11,1,1449,1672
2006,0,0,136,0,0,0,0,66,73,11,1,1449,1672
2007,0,0,136,0,0,0,0,66,73,11,1,1449,1672
2008,0,0,136,0,0,0,0,66,73,11,1,1449,1672
2009,0,0,136,0,0,0,0,66,73,11,1,1449,1672
2010,0,0,136,0,0,0,0,66,73,11,1,1449,1672
2011,0,0,136,0,0,0,0,66,73,11,1,1449,1672
2012,0,0,136,0,0,0,0,66,73,11,1,1449,1672
2013,0,0,136,0,0,0,0,66,73,11,1,1449,1672
2014,0,0,136,0,0,0,0,66,73,11,1,1449,1672
2015,0,0,136,0,0,0,0,66,73,11,1,1449,1672
2016,0,0,136,0,0,0,0,66,73,11,1,1449,1672
2017,0,0,136,0,0,0,0,66,73,11,1,1507,1779
2018,0,0,136,0,0,0,0,66,73,11,1,1507,1779
2019,0,0,136,0,0,0,0,66,73,11,1,1507,1779
2020,0,0,136,0,0,0,0,66,73,11,1,1507,1779
2021,0,0,136,0,0,0,0,66,73,11,1,1507,1779
2022,0,0,136,0,0,0,0,66,73,11,1,1507,1779
2023,0,0,136,0,0,0,0,66,73,11,1,1507,1779
2024,0,0,136,0,0,0,0,66,73,11,1,1507,1779
2025,0,0,136,0,0,0,0,66,73,11,1,1507,1779
2026,0,0,136,0,0,0,0,66,73,11,1,1507,1779
2027,0,0,136,0,0,0,0,66,73,11,1,1507,1779
2028,0,0,136,0,0,0,0,66,73,11,1,1507,1779
2029,0,0,136,0,0,0,0,66,73,11,1,1507,1779
2030,0,0,136,0,0,0,0,66,73,11,1,1507,1779
2031,0,0,136,0,0,0,0,66,73,11,1,1507,1779
2032,0,0,136,0,0,0,0,66,73,11,1,1507,1779
2033,0,0,136,0,0,0,0,66,73,11,1,1507,1779
2034,0,0,136,0,0,0,0,66,73,11,1,1507,1779
2035,0,0,136,0,0,0,0,66,73,11,1,1507,1779
2036,0,0,136,0,0,0,0,66,73,11,1,1507,1779
2037,0,0,136,0,0,0,0,66,73,11,1,1507,1779
2038,0,0,136,0,0,0,0,66,73,11,1,1507,1779
2039,0,0,136,0,0,0,0,66,73,11,1,1507,1779
2040,0,0,136,0,0,0,0,66,73,11,1,1507,1779
2041,0,0,136,0,0,0,0,66,73,11,1,1507,1779
2042,0,0,136,0,0,0,0,66,73,11,1,1507,1779
2043,0,0,136,0,0,0,0,66,73,11,1,1507,1779
2044,0,0,136,0,0,0,0,66,73,11,1,1507,1779
2045,0,0,136,0,0,0,0,66,73,11,1,1507,1779
2046,0,0,136,0,0,0,0,66,73,11,1,1507,1779
2047,0,0,136,0,0,0,0,66,73,11,1,1507,1779
2048,0,0,136,0,0,0,0,66,73,11,1,1507,1779
2049,0,0,136,0,0,0,0,66,73,11,1,1507,1779
2050,0,0,136,0,0,0,0,66,73,11,1,1507,1779
2051,0,0,136,0,0,0,0,66,73,11,1,1507,1779
2052,0,0,136,0,0,0,0,66,73,11,1,1507,1779
2053,0,0,136,0,0,0,0,66,73,11,1,1507,1779
2054,0,0,136,0,0,0,0,66,73,11,1,1507,1779
2055,0,0,136,0,0,0,0,66,73,11,1,1507,1779
2056,0,0,136,0,0,0,0,66,73,11,1,1507,1779
2057,0,0,136,0,0,0,0,66,73,11,1,1507,1779
2058,0,0,136,0,0,0,0,66,73,11,1,1507,1779
2059,0,0,136,0,0,0,0,66,73,11,1,1507,1779
2060,0,0,136,0,0,0,0,66,73,11,1,1507,1779
2061,0,0,136,0,0,0,0,66,73,11,1,1507,1779
2062,0,0,136,0,0,0,0,66,73,11,1,1507,1779
2063,0,0,136,0,0,0,0,66,73,11,1,1507,1779
2064,0,0,136,0,0,0,0,66,73,11,1,1507,1779
2065,0,0,136,0,0,0,0,66,73,11,1,1507,1779
2066,0,0,136,0,0,0,0,66,73,11,1,1507,1779
2067,0,0,136,0,0,0,0,66,73,11,1,1507,1779
2068,0,0,136,0,0,0,0,66,73,11,1,1507,1779
2069,0,0,136,0,0,0,0,66,73,11,1,1507,1779
2070,0,0,136,0,0,0,0,66,73,11,1,1507,1779
